-- --------------------------------------------------------
-- Host:                         10.0.1.101
-- Versión del servidor:         5.6.45-86.1-log - Percona Server (GPL), Release 86.1, Revision 5bc37b1
-- SO del servidor:              debian-linux-gnu
-- HeidiSQL Versión:             10.1.0.5464
-- --------------------------------------------------------

/*!40101 SET @OLD_CHARACTER_SET_CLIENT=@@CHARACTER_SET_CLIENT */;
/*!40101 SET NAMES utf8 */;
/*!50503 SET NAMES utf8mb4 */;
/*!40014 SET @OLD_FOREIGN_KEY_CHECKS=@@FOREIGN_KEY_CHECKS, FOREIGN_KEY_CHECKS=0 */;
/*!40101 SET @OLD_SQL_MODE=@@SQL_MODE, SQL_MODE='NO_AUTO_VALUE_ON_ZERO' */;


-- Volcando estructura de base de datos para prueba_evolmind
CREATE DATABASE IF NOT EXISTS `prueba_evolmind` /*!40100 DEFAULT CHARACTER SET utf8mb4 COLLATE utf8mb4_unicode_ci */;
USE `prueba_evolmind`;

-- Volcando estructura para tabla prueba_evolmind.CMP_PAISES
CREATE TABLE IF NOT EXISTS `CMP_PAISES` (
  `PAIS_ID` decimal(22,0) NOT NULL,
  `CODIGO_PAIS` varchar(2) COLLATE utf8mb4_unicode_ci NOT NULL,
  `CODIGO_ISO_PAIS` varchar(3) COLLATE utf8mb4_unicode_ci DEFAULT NULL,
  `CODIGO_EUROPEO_PAIS` varchar(3) COLLATE utf8mb4_unicode_ci DEFAULT NULL,
  `CODIGO_IVA` varchar(30) COLLATE utf8mb4_unicode_ci DEFAULT NULL,
  `ESTILO_DIRECCION` varchar(30) COLLATE utf8mb4_unicode_ci DEFAULT NULL,
  `IDIOMA` varchar(4) COLLATE utf8mb4_unicode_ci NOT NULL,
  `DESCRIPCION_CORTA` varchar(80) COLLATE utf8mb4_unicode_ci NOT NULL,
  `DESCRIPCION` varchar(240) COLLATE utf8mb4_unicode_ci DEFAULT NULL,
  `CODIGO_IDIOMA` varchar(4) COLLATE utf8mb4_unicode_ci NOT NULL,
  `CODIGO_ISO_IDIOMA` varchar(2) COLLATE utf8mb4_unicode_ci DEFAULT NULL,
  `TEST_NIF` varchar(1) COLLATE utf8mb4_unicode_ci NOT NULL,
  `TEST_CODIGO_POSTAL` varchar(1) COLLATE utf8mb4_unicode_ci NOT NULL,
  `USO_ALTA_ALUMNOS` varchar(1) COLLATE utf8mb4_unicode_ci NOT NULL,
  `USO_NACIONALIDADES` varchar(1) COLLATE utf8mb4_unicode_ci NOT NULL,
  `USO_DIRECCION_ENVIO` varchar(1) COLLATE utf8mb4_unicode_ci NOT NULL,
  `ESTADO` varchar(1) COLLATE utf8mb4_unicode_ci NOT NULL DEFAULT 'A',
  `CREADO_POR` decimal(22,0) NOT NULL,
  `FECHA_CREACION` date NOT NULL,
  `MODIFICADO_POR` decimal(22,0) NOT NULL,
  `FECHA_MODIFICACION` date NOT NULL,
  `FECHA_BORRADO` date DEFAULT NULL,
  `PREFIJO_TELEFONO_PAIS` varchar(10) COLLATE utf8mb4_unicode_ci DEFAULT NULL,
  `UNION_EUROPEA` varchar(1) COLLATE utf8mb4_unicode_ci NOT NULL DEFAULT 'N',
  `IND_SEPA` varchar(1) COLLATE utf8mb4_unicode_ci NOT NULL DEFAULT 'N',
  KEY `PAIS_ID` (`PAIS_ID`)
) ENGINE=InnoDB DEFAULT CHARSET=utf8mb4 COLLATE=utf8mb4_unicode_ci;

-- Volcando datos para la tabla prueba_evolmind.CMP_PAISES: ~243 rows (aproximadamente)
/*!40000 ALTER TABLE `CMP_PAISES` DISABLE KEYS */;
INSERT INTO `CMP_PAISES` (`PAIS_ID`, `CODIGO_PAIS`, `CODIGO_ISO_PAIS`, `CODIGO_EUROPEO_PAIS`, `CODIGO_IVA`, `ESTILO_DIRECCION`, `IDIOMA`, `DESCRIPCION_CORTA`, `DESCRIPCION`, `CODIGO_IDIOMA`, `CODIGO_ISO_IDIOMA`, `TEST_NIF`, `TEST_CODIGO_POSTAL`, `USO_ALTA_ALUMNOS`, `USO_NACIONALIDADES`, `USO_DIRECCION_ENVIO`, `ESTADO`, `CREADO_POR`, `FECHA_CREACION`, `MODIFICADO_POR`, `FECHA_MODIFICACION`, `FECHA_BORRADO`, `PREFIJO_TELEFONO_PAIS`, `UNION_EUROPEA`, `IND_SEPA`) VALUES
	(157, 'LY', '434', '216', 'LY', NULL, 'E', 'Jamahiriya Arabe de Libia', 'Jamahiriya Socialista Arabe Popular de Libia', 'E', 'E', 'N', 'N', 'N', 'N', 'N', 'A', 5000789, '2005-10-28', 1, '2005-10-28', NULL, NULL, 'N', 'N'),
	(158, 'MA', '504', '204', 'MA', NULL, 'E', 'Marruecos', 'Reino de Marruecos', 'E', 'E', 'N', 'N', 'N', 'N', 'N', 'A', 5000789, '2005-10-28', 184, '2012-04-27', NULL, '212', 'N', 'N'),
	(159, 'MC', '492', NULL, 'MC', NULL, 'E', 'Mónaco', 'Principado de Mónaco', 'E', 'E', 'N', 'N', 'N', 'N', 'N', 'A', 5000789, '2005-10-28', 1, '2005-10-28', NULL, '377', 'N', 'N'),
	(160, 'MD', '498', '074', 'MD', NULL, 'E', 'Moldavia, República de', 'República de Moldavia', 'E', 'E', 'N', 'N', 'N', 'N', 'N', 'A', 5000789, '2005-10-28', 1, '2005-10-28', NULL, '373', 'N', 'N'),
	(161, 'MG', '450', '370', 'MG', NULL, 'E', 'Madagascar', 'República de Madagascar', 'E', 'E', 'N', 'N', 'N', 'N', 'N', 'A', 5000789, '2005-10-28', 1, '2005-10-28', NULL, '261', 'N', 'N'),
	(162, 'MH', '584', '824', 'MH', NULL, 'E', 'Islas Marshall', 'República de las Islas Marshall (los atolones principales son Jaluit, Kwajalein y Majuro)', 'E', 'E', 'N', 'N', 'N', 'N', 'N', 'A', 5000789, '2005-10-28', 1, '2005-10-28', NULL, '692', 'N', 'N'),
	(163, 'MK', '807', NULL, 'MK', NULL, 'E', 'Macedonia, Antigua República de Yugoslavia', 'Macedonia, Antigua República de Yugoslavia', 'E', 'E', 'N', 'N', 'N', 'N', 'N', 'A', 5000789, '2005-10-28', 1, '2005-10-28', NULL, '389', 'N', 'N'),
	(164, 'ML', '466', '232', 'ML', NULL, 'E', 'Malí', 'República de Malí', 'E', 'E', 'N', 'N', 'N', 'N', 'N', 'A', 5000789, '2005-10-28', 1, '2005-10-28', NULL, '223', 'N', 'N'),
	(165, 'MM', '104', '676', 'MM', NULL, 'E', 'Myanmar', 'Unión de Myanmar', 'E', 'E', 'N', 'N', 'N', 'N', 'N', 'A', 5000789, '2005-10-28', 1, '2005-10-28', NULL, '95', 'N', 'N'),
	(166, 'MN', '496', '716', 'MN', NULL, 'E', 'Mongolia', 'Mongolia', 'E', 'E', 'N', 'N', 'N', 'N', 'N', 'A', 5000789, '2005-10-28', 1, '2005-10-28', NULL, '976', 'N', 'N'),
	(167, 'MO', '446', '743', 'MO', NULL, 'E', 'Macao', 'Macao', 'E', 'E', 'N', 'N', 'N', 'N', 'N', 'A', 5000789, '2005-10-28', 1, '2005-10-28', NULL, '853', 'N', 'N'),
	(168, 'MP', '580', '820', 'MP', NULL, 'E', 'Islas Marianas del Norte', 'República de las Islas Marianas del Norte excepto Guam (la isla principal es Saipan)', 'E', 'E', 'N', 'N', 'N', 'N', 'N', 'A', 5000789, '2005-10-28', 1, '2005-10-28', NULL, '1670', 'N', 'N'),
	(169, 'MQ', '474', NULL, 'MQ', NULL, 'E', 'Martinica', 'Martinica', 'E', 'E', 'N', 'N', 'N', 'N', 'N', 'A', 5000789, '2005-10-28', 1, '2005-10-28', NULL, '596', 'N', 'N'),
	(170, 'MR', '478', '228', 'MR', NULL, 'E', 'Mauritania', 'República Islámica de Mauritania', 'E', 'E', 'N', 'N', 'N', 'N', 'N', 'A', 5000789, '2005-10-28', 1, '2005-10-28', NULL, '222', 'N', 'N'),
	(171, 'MS', '500', '470', 'MS', NULL, 'E', 'Montserrat', 'Montserrat', 'E', 'E', 'N', 'N', 'N', 'N', 'N', 'A', 5000789, '2005-10-28', 1, '2005-10-28', NULL, '1664', 'N', 'N'),
	(172, 'MT', '470', '046', 'MT', NULL, 'E', 'Malta', 'República de Malta', 'E', 'E', 'N', 'N', 'N', 'N', 'N', 'A', 5000789, '2005-10-28', 1016, '2010-05-06', NULL, '356', 'S', 'N'),
	(173, 'MU', '480', '373', 'MU', NULL, 'E', 'Mauricio', 'República de Mauricio (incluye las islas Agalega, los bancos de Cargados Carajos y la isla Rodrigues)', 'E', 'E', 'N', 'N', 'N', 'N', 'N', 'A', 5000789, '2005-10-28', 1, '2005-10-28', NULL, '230', 'N', 'N'),
	(174, 'MV', '462', '667', 'MV', NULL, 'E', 'Maldivas', 'República de Maldivas', 'E', 'E', 'N', 'N', 'N', 'N', 'N', 'A', 5000789, '2005-10-28', 1, '2005-10-28', NULL, '960', 'N', 'N'),
	(175, 'MW', '454', '386', 'MW', NULL, 'E', 'Malawi', 'República de Malawi', 'E', 'E', 'N', 'N', 'N', 'N', 'N', 'A', 5000789, '2005-10-28', 1, '2005-10-28', NULL, '265', 'N', 'N'),
	(176, 'MX', '484', '412', 'MX', NULL, 'E', 'México', 'Estados Unidos de México', 'E', 'E', 'N', 'N', 'S', 'N', 'N', 'A', 5000789, '2005-10-28', 5000086, '2017-03-16', NULL, '52', 'N', 'N'),
	(177, 'MY', '458', '701', 'MY', NULL, 'E', 'Malasia', 'Malaisia (incluye Malaisia Peninsular, Sabah y Sarawak)', 'E', 'E', 'N', 'N', 'N', 'N', 'N', 'A', 5000789, '2005-10-28', 1, '2005-10-28', NULL, '60', 'N', 'N'),
	(178, 'MZ', '508', '366', 'MZ', NULL, 'E', 'Mozambique', 'República de Mozambique', 'E', 'E', 'N', 'N', 'N', 'N', 'N', 'A', 5000789, '2005-10-28', 1, '2005-10-28', NULL, '258', 'N', 'N'),
	(179, 'NA', '516', '389', 'NA', NULL, 'E', 'Namibia', 'República de Namibia', 'E', 'E', 'N', 'N', 'N', 'N', 'N', 'A', 5000789, '2005-10-28', 1, '2005-10-28', NULL, '264', 'N', 'N'),
	(180, 'NC', '540', '809', 'NC', NULL, 'E', 'Nueva Caledonia', 'Nueva Caledonia (incluye las islas Loyalty)', 'E', 'E', 'N', 'N', 'N', 'N', 'N', 'A', 5000789, '2005-10-28', 1, '2005-10-28', NULL, '687', 'N', 'N'),
	(181, 'NE', '562', '240', 'NE', NULL, 'E', 'Níger', 'República de Níger', 'E', 'E', 'N', 'N', 'N', 'N', 'N', 'A', 5000789, '2005-10-28', 1, '2005-10-28', NULL, '227', 'N', 'N'),
	(182, 'NF', '574', NULL, 'NF', NULL, 'E', 'Isla Norfolk', 'Isla Norfolk', 'E', 'E', 'N', 'N', 'N', 'N', 'N', 'A', 5000789, '2005-10-28', 1, '2005-10-28', NULL, '672', 'N', 'N'),
	(183, 'NG', '566', '288', 'NG', NULL, 'E', 'Nigeria', 'República Federal de Nigeria', 'E', 'E', 'N', 'N', 'N', 'N', 'N', 'A', 5000789, '2005-10-28', 1, '2005-10-28', NULL, '234', 'N', 'N'),
	(184, 'NI', '558', '432', 'NI', NULL, 'E', 'Nicaragua', 'República de Nicaragua', 'E', 'E', 'N', 'N', 'N', 'N', 'N', 'A', 5000789, '2005-10-28', 1, '2005-10-28', NULL, '505', 'N', 'N'),
	(185, 'NL', '528', '003', 'NL', NULL, 'E', 'Holanda', 'Reino de Holanda', 'E', 'E', 'N', 'N', 'N', 'N', 'N', 'A', 5000789, '2005-10-28', 1016, '2010-05-06', NULL, '31', 'S', 'N'),
	(186, 'NO', '578', '028', 'NO', NULL, 'E', 'Noruega', 'Reino de Noruega', 'E', 'E', 'N', 'N', 'N', 'N', 'N', 'A', 5000789, '2005-10-28', 1, '2005-10-28', NULL, '47', 'N', 'N'),
	(187, 'NP', '524', '672', 'NP', NULL, 'E', 'Nepal', 'Reino de Nepal', 'E', 'E', 'N', 'N', 'N', 'N', 'N', 'A', 5000789, '2005-10-28', 1, '2005-10-28', NULL, '977', 'N', 'N'),
	(188, 'NR', '520', '803', 'NR', NULL, 'E', 'Nauru', 'República de Nauru', 'E', 'E', 'N', 'N', 'N', 'N', 'N', 'A', 5000789, '2005-10-28', 1, '2005-10-28', NULL, '674', 'N', 'N'),
	(189, 'NU', '570', NULL, 'NU', NULL, 'E', 'Niue', 'Niue', 'E', 'E', 'N', 'N', 'N', 'N', 'N', 'A', 5000789, '2005-10-28', 1, '2005-10-28', NULL, '683', 'N', 'N'),
	(190, 'NZ', '554', '804', 'NZ', NULL, 'E', 'Nueva Zelanda', 'Nueva Zelanda (incluye las islas Antipodes, las islas Auckland, las islas Campbell, las islas Chatham y las islas Kermadec)', 'E', 'E', 'N', 'N', 'N', 'N', 'N', 'A', 5000789, '2005-10-28', 1, '2005-10-28', NULL, '64', 'N', 'N'),
	(191, 'OM', '512', '649', 'OM', NULL, 'E', 'Omán', 'Sultanato de Omán (incluye parte de la Península de Musandam)', 'E', 'E', 'N', 'N', 'N', 'N', 'N', 'A', 5000789, '2005-10-28', 1, '2005-10-28', NULL, '968', 'N', 'N'),
	(192, 'PA', '591', '442', 'PA', NULL, 'E', 'Panamá', 'República de Panamá', 'E', 'E', 'N', 'N', 'N', 'N', 'N', 'A', 5000789, '2005-10-28', 1, '2005-10-28', NULL, '507', 'N', 'N'),
	(193, 'PE', '604', '504', 'PE', NULL, 'E', 'Perú', 'República de Perú', 'E', 'E', 'N', 'N', 'N', 'N', 'N', 'A', 5000789, '2005-10-28', 5000086, '2019-03-07', NULL, '51', 'N', 'N'),
	(194, 'PF', '258', '822', 'PF', NULL, 'E', 'Polinesia Francesa', 'Polinesia Francesa (comprende las islas Austral, las islas Gambier, las islas Marquesas, archipiélago de Society (isla principal Tahití), las islas Tuamotu e incluye la isla Clipperton)', 'E', 'E', 'N', 'N', 'N', 'N', 'N', 'A', 5000789, '2005-10-28', 1, '2005-10-28', NULL, '689', 'N', 'N'),
	(195, 'PG', '598', '801', 'PG', NULL, 'E', 'Papua Nueva Guinea', 'Papua Nueva Guinea (incluye el archipiélago de Bismarck y las islas Northern Solomon (la isla principal es Bougainville))', 'E', 'E', 'N', 'N', 'N', 'N', 'N', 'A', 5000789, '2005-10-28', 1, '2005-10-28', NULL, '675', 'N', 'N'),
	(196, 'PH', '608', '708', 'PH', NULL, 'E', 'Filipinas', 'República de Filipinas', 'E', 'E', 'N', 'N', 'N', 'N', 'N', 'A', 5000789, '2005-10-28', 1, '2005-10-28', NULL, '63', 'N', 'N'),
	(197, 'PK', '586', '662', 'PK', NULL, 'E', 'Pakistán', 'República Islámica de Pakistán', 'E', 'E', 'N', 'N', 'N', 'N', 'N', 'A', 5000789, '2005-10-28', 1, '2005-10-28', NULL, '92', 'N', 'N'),
	(198, 'PL', '616', '060', 'PL', NULL, 'E', 'Polonia', 'República de Polonia', 'E', 'E', 'N', 'N', 'N', 'N', 'N', 'A', 5000789, '2005-10-28', 1016, '2010-05-06', NULL, '0048', 'S', 'N'),
	(199, 'PM', '666', '408', 'PM', NULL, 'E', 'Saint Pierre y Miquelon', 'Saint Pierre y Miquelon', 'E', 'E', 'N', 'N', 'N', 'N', 'N', 'A', 5000789, '2005-10-28', 1, '2005-10-28', NULL, '508', 'N', 'N'),
	(200, 'PN', '612', '813', 'PN', NULL, 'E', 'Pitcairn', 'Pitcairn (incluye Henderson, Ducie y Oeno)', 'E', 'E', 'N', 'N', 'N', 'N', 'N', 'A', 5000789, '2005-10-28', 1, '2005-10-28', NULL, '64', 'N', 'N'),
	(201, 'PR', '630', NULL, 'PR', NULL, 'E', 'Puerto Rico', 'Puerto Rico', 'E', 'E', 'N', 'N', 'N', 'N', 'N', 'A', 5000789, '2005-10-28', 1, '2005-10-28', NULL, '1', 'N', 'N'),
	(202, 'PS', '275', NULL, 'PS', NULL, 'E', 'Territorio Palestino, Ocupado', 'Territorio Palestino Ocupado', 'E', 'E', 'N', 'N', 'N', 'N', 'N', 'A', 5000789, '2005-10-28', 1, '2005-10-28', NULL, '970', 'N', 'N'),
	(203, 'PT', '620', '010', 'PT', NULL, 'E', 'Portugal', 'República de Portugal', 'E', 'E', 'N', 'N', 'N', 'N', 'N', 'A', 5000789, '2005-10-28', 747676, '2018-04-06', NULL, '351', 'S', 'N'),
	(204, 'PW', '585', '825', 'PW', NULL, 'E', 'Palau', 'República de Palau (incluye la parte oeste de las islas Caroline (la isla principal es Babelthuap))', 'E', 'E', 'N', 'N', 'N', 'N', 'N', 'A', 5000789, '2005-10-28', 1, '2005-10-28', NULL, '680', 'N', 'N'),
	(205, 'PY', '600', '520', 'PY', NULL, 'E', 'Paraguay', 'República de Paraguay', 'E', 'E', 'N', 'N', 'N', 'N', 'N', 'A', 5000789, '2005-10-28', 1, '2005-10-28', NULL, '595', 'N', 'N'),
	(206, 'QA', '634', '644', 'QA', NULL, 'E', 'Qatar', 'Estado de Qatar', 'E', 'E', 'N', 'N', 'N', 'N', 'N', 'A', 5000789, '2005-10-28', 1, '2005-10-28', NULL, '974', 'N', 'N'),
	(207, 'RE', '638', NULL, 'RE', NULL, 'E', 'Reunión', 'Reunión (incluye Basses da India, la isla Europa , las islas Glorioso, la isla Juan de Nova y la isla Tromelin, las cuales forman las dispersas islas francesas del océano índico)', 'E', 'E', 'N', 'N', 'N', 'N', 'N', 'A', 5000789, '2005-10-28', 1, '2005-10-28', NULL, '262', 'N', 'N'),
	(208, 'RO', '642', '066', 'RO', NULL, 'E', 'Rumanía', 'Rumanía', 'E', 'E', 'N', 'N', 'N', 'N', 'N', 'A', 5000789, '2005-10-28', 1016, '2010-05-06', NULL, '40', 'S', 'N'),
	(209, 'RU', '643', '075', 'RU', NULL, 'E', 'Federación Rusa', 'Federación Rusa (incluye la región de Kaliningrad)', 'E', 'E', 'N', 'N', 'N', 'N', 'N', 'A', 5000789, '2005-10-28', 1, '2005-10-28', NULL, '7', 'N', 'N'),
	(210, 'RW', '646', '324', 'RW', NULL, 'E', 'Ruanda', 'República de Ruanda', 'E', 'E', 'N', 'N', 'N', 'N', 'N', 'A', 5000789, '2005-10-28', 1, '2005-10-28', NULL, '250', 'N', 'N'),
	(211, 'SA', '682', '632', 'SA', NULL, 'E', 'Arabia Saudí', 'Reino de Arabia Saudí', 'E', 'E', 'N', 'N', 'N', 'N', 'N', 'A', 5000789, '2005-10-28', 1, '2005-10-28', NULL, '966', 'N', 'N'),
	(212, 'SB', '090', '806', 'SB', NULL, 'E', 'Islas Salomón', 'Islas Salomón (incluye la isla Santa Cruz y las islas Southern Salomon (la isla principal es Guadalcanal))', 'E', 'E', 'N', 'N', 'N', 'N', 'N', 'A', 5000789, '2005-10-28', 1, '2005-10-28', NULL, '677', 'N', 'N'),
	(213, 'SC', '690', '355', 'SC', NULL, 'E', 'Seychelles', 'República de Seychelles (la isla principal es Mahe e incluye las islas Aldabra, las islas Amirante, las islas Cosmoledo y las islas Farquhar)', 'E', 'E', 'N', 'N', 'N', 'N', 'N', 'A', 5000789, '2005-10-28', 1, '2005-10-28', NULL, '248', 'N', 'N'),
	(214, 'SD', '736', '224', 'SD', NULL, 'E', 'Sudán', 'República de Sudán', 'E', 'E', 'N', 'N', 'N', 'N', 'N', 'A', 5000789, '2005-10-28', 1, '2005-10-28', NULL, '249', 'N', 'N'),
	(215, 'SE', '752', '030', 'SE', NULL, 'E', 'Suecia', 'Reino de Suecia', 'E', 'E', 'N', 'N', 'N', 'N', 'N', 'A', 5000789, '2005-10-28', 1016, '2010-05-06', NULL, '46', 'S', 'N'),
	(216, 'SG', '702', '706', 'SG', NULL, 'E', 'Singapur', 'República de Singapur', 'E', 'E', 'N', 'N', 'N', 'N', 'N', 'A', 5000789, '2005-10-28', 1, '2005-10-28', NULL, '65', 'N', 'N'),
	(217, 'SH', '654', '329', 'SH', NULL, 'E', 'Santa Elena', 'Santa Elena (incluye la isla Ascension, la isla Gough y el archipiélago de Tristan da Cunha)', 'E', 'E', 'N', 'N', 'N', 'N', 'N', 'A', 5000789, '2005-10-28', 1, '2005-10-28', NULL, '290', 'N', 'N'),
	(218, 'SI', '705', '091', 'SI', NULL, 'E', 'Eslovenia', 'República de Eslovenia', 'E', 'E', 'N', 'N', 'N', 'N', 'N', 'A', 5000789, '2005-10-28', 1016, '2010-05-06', NULL, '386', 'S', 'N'),
	(219, 'SJ', '744', NULL, 'SJ', NULL, 'E', 'Islas Svalbard y Jan Mayen', 'Islas Svalbard y Jan Mayen (incluye la isla Bear)', 'E', 'E', 'N', 'N', 'N', 'N', 'N', 'A', 5000789, '2005-10-28', 1, '2005-10-28', NULL, NULL, 'N', 'N'),
	(220, 'SK', '703', '063', 'SK', NULL, 'E', 'Eslovaquia', 'República Eslovaca', 'E', 'E', 'N', 'N', 'N', 'N', 'N', 'A', 5000789, '2005-10-28', 1016, '2010-05-06', NULL, '421', 'S', 'N'),
	(221, 'SL', '694', '264', 'SL', NULL, 'E', 'Sierra Leona', 'República de Sierra Leona', 'E', 'E', 'N', 'N', 'N', 'N', 'N', 'A', 5000789, '2005-10-28', 1, '2005-10-28', NULL, '232', 'N', 'N'),
	(222, 'SM', '674', '047', 'SM', NULL, 'E', 'San Marino', 'República de San Marino', 'E', 'E', 'N', 'N', 'N', 'N', 'N', 'A', 5000789, '2005-10-28', 1, '2005-10-28', NULL, '378', 'N', 'N'),
	(223, 'SN', '686', '248', 'SN', NULL, 'E', 'Senegal', 'República de Senegal', 'E', 'E', 'N', 'N', 'N', 'N', 'N', 'A', 5000789, '2005-10-28', 1, '2005-10-28', NULL, '221', 'N', 'N'),
	(224, 'SO', '706', '342', 'SO', NULL, 'E', 'Somalia', 'República Democrática de Somalia', 'E', 'E', 'N', 'N', 'N', 'N', 'N', 'A', 5000789, '2005-10-28', 1, '2005-10-28', NULL, '252', 'N', 'N'),
	(225, 'SR', '740', '492', 'SR', NULL, 'E', 'Surinam', 'República de Surinam', 'E', 'E', 'N', 'N', 'N', 'N', 'N', 'A', 5000789, '2005-10-28', 1, '2005-10-28', NULL, '597', 'N', 'N'),
	(226, 'ST', '678', '311', 'ST', NULL, 'E', 'Santo Tomé y Príncipe', 'República Democrática de Santo Tomé y Príncipe', 'E', 'E', 'N', 'N', 'N', 'N', 'N', 'A', 5000789, '2005-10-28', 1, '2005-10-28', NULL, '239', 'N', 'N'),
	(227, 'SV', '222', '428', 'SV', NULL, 'E', 'El Salvador', 'República de El Salvador', 'E', 'E', 'N', 'N', 'N', 'N', 'N', 'A', 5000789, '2005-10-28', 1, '2005-10-28', NULL, '503', 'N', 'N'),
	(228, 'SY', '760', '608', 'SY', NULL, 'E', 'República Arabe Siria', 'República Arabe Siria', 'E', 'E', 'N', 'N', 'N', 'N', 'N', 'A', 5000789, '2005-10-28', 1, '2005-10-28', NULL, '963', 'N', 'N'),
	(229, 'SZ', '748', '393', 'SZ', NULL, 'E', 'Swazilandia', 'Reino de Swazilandia', 'E', 'E', 'N', 'N', 'N', 'N', 'N', 'A', 5000789, '2005-10-28', 1, '2005-10-28', NULL, '268', 'N', 'N'),
	(230, 'TC', '796', '454', 'TC', NULL, 'E', 'Islas Turcas y Caicos', 'Islas Turcas y Caicos', 'E', 'E', 'N', 'N', 'N', 'N', 'N', 'A', 5000789, '2005-10-28', 1, '2005-10-28', NULL, NULL, 'N', 'N'),
	(231, 'TD', '148', '244', 'TD', NULL, 'E', 'Chad', 'República de Chad', 'E', 'E', 'N', 'N', 'N', 'N', 'N', 'A', 5000789, '2005-10-28', 1, '2005-10-28', NULL, '235', 'N', 'N'),
	(232, 'TF', '260', NULL, 'TF', NULL, 'E', 'Territorios Franceses del Sur', 'Territorios Franceses del Sur (comprende la isla Amsterdam, el archipiélago de Crozet, las islas Kerguelen y la isla Saint-Paul)', 'E', 'E', 'N', 'N', 'N', 'N', 'N', 'A', 5000789, '2005-10-28', 1, '2005-10-28', NULL, NULL, 'N', 'N'),
	(233, 'TG', '768', '280', 'TG', NULL, 'E', 'Togo', 'República de Togo', 'E', 'E', 'N', 'N', 'N', 'N', 'N', 'A', 5000789, '2005-10-28', 1, '2005-10-28', NULL, '228', 'N', 'N'),
	(234, 'TH', '764', '680', 'TH', NULL, 'E', 'Tailandia', 'Reino de Tailandia', 'E', 'E', 'N', 'N', 'N', 'N', 'N', 'A', 5000789, '2005-10-28', 1, '2005-10-28', NULL, '66', 'N', 'N'),
	(235, 'TJ', '762', '082', 'TJ', NULL, 'E', 'Tajikistán', 'República de Tajikistán', 'E', 'E', 'N', 'N', 'N', 'N', 'N', 'A', 5000789, '2005-10-28', 1, '2005-10-28', NULL, '992', 'N', 'N'),
	(236, 'TK', '772', NULL, 'TK', NULL, 'E', 'Tokelau', 'Tokelau', 'E', 'E', 'N', 'N', 'N', 'N', 'N', 'A', 5000789, '2005-10-28', 1, '2005-10-28', NULL, '690', 'N', 'N'),
	(237, 'TM', '795', '080', 'TM', NULL, 'E', 'Turkmenistán', 'Turkmenistán', 'E', 'E', 'N', 'N', 'N', 'N', 'N', 'A', 5000789, '2005-10-28', 1, '2005-10-28', NULL, '993', 'N', 'N'),
	(238, 'TN', '788', '212', 'TN', NULL, 'E', 'Túnez', 'República de Túnez', 'E', 'E', 'N', 'N', 'N', 'N', 'N', 'A', 5000789, '2005-10-28', 1, '2005-10-28', NULL, '216', 'N', 'N'),
	(239, 'TO', '776', '817', 'TO', NULL, 'E', 'Tonga', 'Reino de Tonga (la isla principal es Tongatapu)', 'E', 'E', 'N', 'N', 'N', 'N', 'N', 'A', 5000789, '2005-10-28', 1, '2005-10-28', NULL, '676', 'N', 'N'),
	(240, 'TP', '626', NULL, 'TP', NULL, 'E', 'Tímor Oriental', 'Tímor Oriental (incluye el enclave de Okusi)', 'E', 'E', 'N', 'N', 'N', 'N', 'N', 'A', 5000789, '2005-10-28', 1, '2005-10-28', NULL, '670', 'N', 'N'),
	(241, 'TR', '792', '052', 'TR', NULL, 'E', 'Turquía', 'República de Turquía', 'E', 'E', 'N', 'N', 'N', 'N', 'N', 'A', 5000789, '2005-10-28', 747676, '2019-01-11', NULL, '90', 'N', 'N'),
	(242, 'TT', '780', '472', 'TT', NULL, 'E', 'Trinidad y Tobago', 'República de Trinidad y Tobago', 'E', 'E', 'N', 'N', 'N', 'N', 'N', 'A', 5000789, '2005-10-28', 1, '2005-10-28', NULL, '1', 'N', 'N'),
	(243, 'TV', '798', '807', 'TV', NULL, 'E', 'Tuvalu', 'Tuvalu (el atolón principal es Funafuti)', 'E', 'E', 'N', 'N', 'N', 'N', 'N', 'A', 5000789, '2005-10-28', 1, '2005-10-28', NULL, '688', 'N', 'N'),
	(244, 'TW', '158', '736', 'TW', NULL, 'E', 'Taiwán', 'Taiwán', 'E', 'E', 'N', 'N', 'N', 'N', 'N', 'A', 5000789, '2005-10-28', 1, '2005-10-28', NULL, '886', 'N', 'N'),
	(245, 'TZ', '834', '352', 'TZ', NULL, 'E', 'Tanzania, República Unida de', 'República Unida de Tanzania', 'E', 'E', 'N', 'N', 'N', 'N', 'N', 'A', 5000789, '2005-10-28', 1, '2005-10-28', NULL, '255', 'N', 'N'),
	(246, 'UA', '804', '072', 'UA', NULL, 'E', 'Ucrania', 'Ucrania', 'E', 'E', 'N', 'N', 'N', 'N', 'N', 'A', 5000789, '2005-10-28', 1, '2005-10-28', NULL, '380', 'N', 'N'),
	(247, 'UG', '800', '350', 'UG', NULL, 'E', 'Uganda', 'República de Uganda', 'E', 'E', 'N', 'N', 'N', 'N', 'N', 'A', 5000789, '2005-10-28', 1, '2005-10-28', NULL, '256', 'N', 'N'),
	(248, 'UM', '581', NULL, 'UM', NULL, 'E', 'Islas Exteriores Menores de Estados Unidos', 'Islas Exteriores Menores de Estados Unidos (incluye la isla Baker, la isla Howland, la isla Jarvis, el atolón Johnston, el arrecife Kingman, las islas Midway, la isla Navassa, el atolón Palmyra y la isla Wake)', 'E', 'E', 'N', 'N', 'N', 'N', 'N', 'A', 5000789, '2005-10-28', 1, '2005-10-28', NULL, NULL, 'N', 'N'),
	(249, 'US', '840', '400', 'US', NULL, 'E', 'Estados Unidos', 'Estados Unidos de América', 'E', 'E', 'N', 'N', 'N', 'N', 'N', 'A', 5000789, '2005-10-28', 1, '2005-10-28', NULL, '1', 'N', 'N'),
	(250, 'UY', '858', '524', 'UY', NULL, 'E', 'Uruguay', 'República Oriental de Uruguay', 'E', 'E', 'N', 'N', 'N', 'N', 'N', 'A', 5000789, '2005-10-28', 1, '2005-10-28', NULL, '598', 'N', 'N'),
	(251, 'UZ', '860', '081', 'UZ', NULL, 'E', 'Uzbekistán', 'República de Uzbekistán', 'E', 'E', 'N', 'N', 'N', 'N', 'N', 'A', 5000789, '2005-10-28', 1, '2005-10-28', NULL, '998', 'N', 'N'),
	(252, 'VA', '336', '045', 'VA', NULL, 'E', 'Santa Sede (Estado Ciudad del Vaticano)', 'Santa Sede (Ciudad Estado del Vaticano) registro anterior Ciudad Estado del Vaticano (Santa Sede)', 'E', 'E', 'N', 'N', 'N', 'N', 'N', 'A', 5000789, '2005-10-28', 1, '2005-10-28', NULL, '379', 'N', 'N'),
	(253, 'VC', '670', '467', 'VC', NULL, 'E', 'San Vicente y Granadinas', 'San Vicente y Granadinas (incluye las islas Northern Grenadine (isla principal Bequia) y la isla Saint Vincent)', 'E', 'E', 'N', 'N', 'N', 'N', 'N', 'A', 5000789, '2005-10-28', 1, '2005-10-28', NULL, '1', 'N', 'N'),
	(254, 'VE', '862', '484', 'VE', NULL, 'E', 'Venezuela', 'República de Venezuela (incluye la isla Bird)', 'E', 'E', 'N', 'N', 'N', 'N', 'N', 'A', 5000789, '2005-10-28', 150, '2008-03-26', NULL, '58', 'N', 'N'),
	(255, 'VG', '092', '468', 'VG', NULL, 'E', 'Islas Vírgenes, Británicas', 'Islas Vírgenes Británicas (incluye Anegada, Jost Van Dyke, Tortola y Virgin Gorda)', 'E', 'E', 'N', 'N', 'N', 'N', 'N', 'A', 5000789, '2005-10-28', 1, '2005-10-28', NULL, '1284', 'N', 'N'),
	(256, 'VI', '850', '457', 'VI', NULL, 'E', 'Islas Vírgenes, EE.UU.', 'Islas Vírgenes de los Estados Unidos (incluye Saint Croix, Saint John y Saint Thomas)', 'E', 'E', 'N', 'N', 'N', 'N', 'N', 'A', 5000789, '2005-10-28', 1, '2005-10-28', NULL, '1', 'N', 'N'),
	(257, 'VN', '704', '690', 'VN', NULL, 'E', 'Vietnam', 'República Socialista de Vietnam', 'E', 'E', 'N', 'N', 'N', 'N', 'N', 'A', 5000789, '2005-10-28', 1, '2005-10-28', NULL, '84', 'N', 'N'),
	(258, 'VU', '548', '816', 'VU', NULL, 'E', 'Vanuatu', 'República de Vanuatu (las islas principales son Efate y Espiritu Santo)', 'E', 'E', 'N', 'N', 'N', 'N', 'N', 'A', 5000789, '2005-10-28', 1, '2005-10-28', NULL, '678', 'N', 'N'),
	(259, 'WF', '876', '811', 'WF', NULL, 'E', 'Wallis y Futuna', 'Wallis y Futuna (incluye las islas Hoorn (la isla principal es Futuna) y las islas Wallis (la isla principal es Uvea))', 'E', 'E', 'N', 'N', 'N', 'N', 'N', 'A', 5000789, '2005-10-28', 1, '2005-10-28', NULL, '681', 'N', 'N'),
	(260, 'WS', '882', '819', 'WS', NULL, 'E', 'Samoa', 'Estado Independiente de Samoa Occidental (las islas principales son Savii y Upolu)', 'E', 'E', 'N', 'N', 'N', 'N', 'N', 'A', 5000789, '2005-10-28', 1, '2005-10-28', NULL, '685', 'N', 'N'),
	(261, 'YE', '887', '653', 'YE', NULL, 'E', 'Yemen', 'República de Yemen (incluye la isla Socotra)', 'E', 'E', 'N', 'N', 'N', 'N', 'N', 'A', 5000789, '2005-10-28', 1, '2005-10-28', NULL, '967', 'N', 'N'),
	(262, 'YT', '175', '377', 'YT', NULL, 'E', 'Mayotte', 'Mayotte', 'E', 'E', 'N', 'N', 'N', 'N', 'N', 'A', 5000789, '2005-10-28', 1, '2005-10-28', NULL, '262', 'N', 'N'),
	(263, 'CS', '891', '094', 'CS', NULL, 'E', 'Serbia', 'Serbia', 'E', 'E', 'N', 'N', 'N', 'N', 'N', 'A', 5000789, '2005-10-28', 1, '2010-06-08', NULL, '381', 'N', 'N'),
	(264, 'ZA', '710', '388', 'ZA', NULL, 'E', 'Sudáfrica', 'República de Sudáfrica (incluye la isla Marion y la isla Prince Edward)', 'E', 'E', 'N', 'N', 'N', 'N', 'N', 'A', 5000789, '2005-10-28', 1, '2005-10-28', NULL, '27', 'N', 'N'),
	(265, 'ZM', '894', '378', 'ZM', NULL, 'E', 'Zambia', 'República de Zambia', 'E', 'E', 'N', 'N', 'N', 'N', 'N', 'A', 5000789, '2005-10-28', 1, '2005-10-28', NULL, '260', 'N', 'N'),
	(266, 'ZR', '180', NULL, 'ZR', NULL, 'E', 'Obsoleto véase territorio CD', 'Obsoleto véase territorio CD', 'E', 'E', 'N', 'N', 'N', 'N', 'N', 'A', 5000789, '2005-10-28', 1, '2005-10-28', NULL, NULL, 'N', 'N'),
	(267, 'ZW', '716', '382', 'ZW', NULL, 'E', 'Zimbabwe', 'República de Zimbabwe', 'E', 'E', 'N', 'N', 'N', 'N', 'N', 'A', 5000789, '2005-10-28', 1, '2005-10-28', NULL, '263', 'N', 'N'),
	(94, 'FK', '238', '529', 'FK', NULL, 'E', 'Islas Malvinas (Falkland)', 'Islas Malvinas (Falkland)', 'E', 'E', 'N', 'N', 'N', 'N', 'N', 'A', 5000789, '2005-10-28', 1, '2005-10-28', NULL, '500', 'N', 'N'),
	(95, 'FM', '583', '823', 'FM', NULL, 'E', 'Micronesia (Estados Federados de)', 'Micronesia (Estados Federados) (incluye las islas Caroline (excepto Palau, véase registro independiente), islas principales Chuuk, Kosrae, Pohnpei y Yap)', 'E', 'E', 'N', 'N', 'N', 'N', 'N', 'A', 5000789, '2005-10-28', 1, '2005-10-28', NULL, '691', 'N', 'N'),
	(96, 'FO', '234', '041', 'FO', NULL, 'E', 'Islas Feroe', 'Islas Feroe', 'E', 'E', 'N', 'N', 'N', 'N', 'N', 'A', 5000789, '2005-10-28', 1, '2005-10-28', NULL, '298', 'N', 'N'),
	(97, 'FR', '250', '001', 'FR', NULL, 'E', 'Francia', 'República Francesa (comprende Francia Metropolitana, Guayana Francesa, Guadalupe, Martinica, Reunión, Mayotte, Saint Pierre, Miquelon, Polinesia Francesa, Territorios Franceses del Sur, Nueva Caledonia y Wallis y Futuna)', 'E', 'E', 'N', 'N', 'N', 'N', 'N', 'A', 5000789, '2005-10-28', 1016, '2010-05-06', NULL, '33', 'S', 'N'),
	(98, 'FX', '249', NULL, 'FX', NULL, 'E', 'Obsoleto véase territorio FR', 'Obsoleto véase territorio FR', 'E', 'E', 'N', 'N', 'N', 'N', 'N', 'A', 5000789, '2005-10-28', 1, '2005-10-28', NULL, NULL, 'N', 'N'),
	(99, 'GA', '266', '314', 'GA', NULL, 'E', 'Gabón', 'República de Gabón', 'E', 'E', 'N', 'N', 'N', 'N', 'N', 'A', 5000789, '2005-10-28', 1, '2005-10-28', NULL, '241', 'N', 'N'),
	(0, '00', '000', '000', '00', NULL, 'ES', 'SIN DEFINIR', 'SIN DEFINIR', 'ES', 'E', 'N', 'N', 'N', 'N', 'N', 'A', 5000517, '2015-09-14', 1982, '2015-09-14', NULL, NULL, 'N', 'N'),
	(100, 'GB', '826', '006', 'GB', NULL, 'E', 'Reino Unido', 'Reino Unido de Gran Bretaña e Irlanda del Norte (incluye las islas Channel y la isla de Man)', 'E', 'E', 'N', 'N', 'N', 'N', 'N', 'A', 5000789, '2005-10-28', 1114, '2010-08-13', NULL, '0044', 'S', 'N'),
	(101, 'GD', '308', '473', 'GD', NULL, 'E', 'Granada', 'Granada (incluye las islas Southen Grenadine (isla principal Carriacou))', 'E', 'E', 'N', 'N', 'N', 'N', 'N', 'A', 5000789, '2005-10-28', 1, '2005-10-28', NULL, '1473', 'N', 'N'),
	(102, 'GE', '268', '076', 'GE', NULL, 'E', 'Georgia', 'Georgia', 'E', 'E', 'N', 'N', 'N', 'N', 'N', 'A', 5000789, '2005-10-28', 1, '2005-10-28', NULL, '995', 'N', 'N'),
	(103, 'GF', '254', NULL, 'GF', NULL, 'E', 'Guayana Francesa', 'Guayana Francesa', 'E', 'E', 'N', 'N', 'N', 'N', 'N', 'A', 5000789, '2005-10-28', 1, '2005-10-28', NULL, '594', 'N', 'N'),
	(104, 'GH', '288', '276', 'GH', NULL, 'E', 'Ghana', 'República de Ghana', 'E', 'E', 'N', 'N', 'N', 'N', 'N', 'A', 5000789, '2005-10-28', 1, '2005-10-28', NULL, '233', 'N', 'N'),
	(105, 'GI', '292', '044', 'GI', NULL, 'E', 'Gibraltar', 'Gibraltar', 'E', 'E', 'N', 'N', 'N', 'N', 'N', 'A', 5000789, '2005-10-28', 1, '2005-10-28', NULL, '350', 'N', 'N'),
	(106, 'GL', '304', '406', 'GL', NULL, 'E', 'Groenlandia', 'Groenlandia', 'E', 'E', 'N', 'N', 'N', 'N', 'N', 'A', 5000789, '2005-10-28', 1, '2005-10-28', NULL, '299', 'N', 'N'),
	(107, 'GM', '270', '252', 'GM', NULL, 'E', 'Gambia', 'República de Gambia', 'E', 'E', 'N', 'N', 'N', 'N', 'N', 'A', 5000789, '2005-10-28', 1, '2005-10-28', NULL, '220', 'N', 'N'),
	(108, 'GN', '324', '260', 'GN', NULL, 'E', 'Guinea', 'República de Guinea', 'E', 'E', 'N', 'N', 'N', 'N', 'N', 'A', 5000789, '2005-10-28', 747676, '2018-07-30', NULL, '224', 'N', 'N'),
	(109, 'GP', '312', NULL, 'GP', NULL, 'E', 'Guadalupe', 'Guadalupe (incluye la Desirade, Marie-Galante, les Saintes, Saint-Barthelemy y nirthern Saint Martin)', 'E', 'E', 'N', 'N', 'N', 'N', 'N', 'A', 5000789, '2005-10-28', 1, '2005-10-28', NULL, '590', 'N', 'N'),
	(110, 'GQ', '226', '310', 'GQ', NULL, 'E', 'Guinea Ecuatorial', 'República de Guinea Ecuatorial (comprende la isla Annobon, la isla Bioko y la Región Continental (Rio Muni))', 'E', 'E', 'N', 'N', 'N', 'N', 'N', 'A', 5000789, '2005-10-28', 747676, '2018-07-30', NULL, '240', 'N', 'N'),
	(111, 'GR', '300', '009', 'GR', NULL, 'E', 'Grecia', 'República Helénica (incluye el área autónoma Mount Athos)', 'E', 'E', 'N', 'N', 'N', 'N', 'N', 'A', 5000789, '2005-10-28', 1016, '2010-05-06', NULL, '30', 'S', 'N'),
	(112, 'GS', '239', NULL, 'GS', NULL, 'E', 'Georgio del Sur y la Isla Sandwich del Sur', 'Georgio del Sur y la Isla Sandwich del Sur', 'E', 'E', 'N', 'N', 'N', 'N', 'N', 'A', 5000789, '2005-10-28', 1, '2005-10-28', NULL, NULL, 'N', 'N'),
	(113, 'GT', '320', '416', 'GT', NULL, 'E', 'Guatemala', 'República de Guatemala', 'E', 'E', 'N', 'N', 'N', 'N', 'N', 'A', 5000789, '2005-10-28', 1, '2005-10-28', NULL, '502', 'N', 'N'),
	(114, 'GU', '316', NULL, 'GU', NULL, 'E', 'Guam', 'Guam', 'E', 'E', 'N', 'N', 'N', 'N', 'N', 'A', 5000789, '2005-10-28', 1, '2005-10-28', NULL, '1', 'N', 'N'),
	(115, 'GW', '624', '257', 'GW', NULL, 'E', 'Guinea-Bissau', 'República de Guinea-Bissau', 'E', 'E', 'N', 'N', 'N', 'N', 'N', 'A', 5000789, '2005-10-28', 1, '2005-10-28', NULL, '245', 'N', 'N'),
	(116, 'GY', '328', '488', 'GY', NULL, 'E', 'Guayana', 'República de Guayana', 'E', 'E', 'N', 'N', 'N', 'N', 'N', 'A', 5000789, '2005-10-28', 1, '2005-10-28', NULL, '594', 'N', 'N'),
	(117, 'HK', '344', '740', 'HK', NULL, 'E', 'Hong Kong', 'Hong Kong', 'E', 'E', 'N', 'N', 'N', 'N', 'N', 'A', 5000789, '2005-10-28', 1, '2005-10-28', NULL, '852', 'N', 'N'),
	(118, 'HM', '334', NULL, 'HM', NULL, 'E', 'Isla Heard e Islas McDonald', 'Isla Heard e Islas McDonald', 'E', 'E', 'N', 'N', 'N', 'N', 'N', 'A', 5000789, '2005-10-28', 1, '2005-10-28', NULL, NULL, 'N', 'N'),
	(119, 'HN', '340', '424', 'HN', NULL, 'E', 'Honduras', 'República de Honduras (incluye las islas Swan)', 'E', 'E', 'N', 'N', 'N', 'N', 'N', 'A', 5000789, '2005-10-28', 1, '2005-10-28', NULL, '504', 'N', 'N'),
	(120, 'HR', '191', '092', 'HR', NULL, 'E', 'Croacia', 'República de Croacia', 'E', 'E', 'N', 'N', 'N', 'N', 'N', 'A', 5000789, '2005-10-28', 1016, '2013-10-25', NULL, '385', 'S', 'N'),
	(121, 'HT', '332', '452', 'HT', NULL, 'E', 'Haití', 'República de Haití', 'E', 'E', 'N', 'N', 'N', 'N', 'N', 'A', 5000789, '2005-10-28', 1, '2005-10-28', NULL, '509', 'N', 'N'),
	(122, 'HU', '348', '064', 'HU', NULL, 'E', 'Hungría', 'República de Hungría', 'E', 'E', 'N', 'N', 'N', 'N', 'N', 'A', 5000789, '2005-10-28', 1016, '2010-05-06', NULL, '36', 'S', 'N'),
	(123, 'ID', '360', '700', 'ID', NULL, 'E', 'Indonesia', 'República de Indonesia', 'E', 'E', 'N', 'N', 'N', 'N', 'N', 'A', 5000789, '2005-10-28', 1, '2005-10-28', NULL, '62', 'N', 'N'),
	(124, 'IE', '372', '007', 'IE', NULL, 'E', 'Irlanda', 'Irlanda', 'E', 'E', 'N', 'N', 'N', 'N', 'N', 'A', 5000789, '2005-10-28', 186, '2013-02-01', NULL, '353', 'S', 'N'),
	(125, 'IL', '376', '624', 'IL', NULL, 'E', 'Israel', 'Estado de Israel', 'E', 'E', 'N', 'N', 'N', 'N', 'N', 'A', 5000789, '2005-10-28', 1, '2005-10-28', NULL, '972', 'N', 'N'),
	(126, 'IN', '356', '664', 'IN', NULL, 'E', 'India', 'República de India (incluye las islas Amindivi, las islas Andaman, las islas Laccadive, la isla Minicoy y las islas Nicobar)', 'E', 'E', 'N', 'N', 'N', 'N', 'N', 'A', 5000789, '2005-10-28', 1, '2005-10-28', NULL, '91', 'N', 'N'),
	(127, 'IO', '086', '357', 'IO', NULL, 'E', 'Territorio Británico del Océano Indico', 'Territorio del Océano Índico Británico (isla principal Diego García e incluye el archipiélago de Chagos)', 'E', 'E', 'N', 'N', 'N', 'N', 'N', 'A', 5000789, '2005-10-28', 1, '2005-10-28', NULL, NULL, 'N', 'N'),
	(128, 'IQ', '368', '612', 'IQ', NULL, 'E', 'Irak', 'República de Irak', 'E', 'E', 'N', 'N', 'N', 'N', 'N', 'A', 5000789, '2005-10-28', 1, '2005-10-28', NULL, '964', 'N', 'N'),
	(129, 'IR', '364', '616', 'IR', NULL, 'E', 'Irán (República Islámica de)', 'República Islámica de Irán', 'E', 'E', 'N', 'N', 'N', 'N', 'N', 'A', 5000789, '2005-10-28', 1, '2005-10-28', NULL, '98', 'N', 'N'),
	(130, 'IS', '352', '024', 'IS', NULL, 'E', 'Islandia', 'República de Islandia', 'E', 'E', 'N', 'N', 'N', 'N', 'N', 'A', 5000789, '2005-10-28', 1, '2005-10-28', NULL, '354', 'N', 'N'),
	(131, 'IT', '380', '005', 'IT', NULL, 'E', 'Italia', 'República Italiana', 'E', 'E', 'N', 'N', 'N', 'N', 'N', 'A', 5000789, '2005-10-28', 1016, '2010-05-06', NULL, '39', 'S', 'N'),
	(132, 'JM', '388', '464', 'JM', NULL, 'E', 'Jamaica', 'Jamaica', 'E', 'E', 'N', 'N', 'N', 'N', 'N', 'A', 5000789, '2005-10-28', 1, '2005-10-28', NULL, '876', 'N', 'N'),
	(133, 'JO', '400', '628', 'JO', NULL, 'E', 'Jordania', 'Reino Hasemita de Jordania', 'E', 'E', 'N', 'N', 'N', 'N', 'N', 'A', 5000789, '2005-10-28', 1, '2005-10-28', NULL, '962', 'N', 'N'),
	(134, 'JP', '392', '732', 'JP', NULL, 'E', 'Japón', 'Japón', 'E', 'E', 'N', 'N', 'N', 'N', 'N', 'A', 5000789, '2005-10-28', 1, '2005-10-28', NULL, '81', 'N', 'N'),
	(135, 'KE', '404', '346', 'KE', NULL, 'E', 'Kenia', 'República de Kenia', 'E', 'E', 'N', 'N', 'N', 'N', 'N', 'A', 5000789, '2005-10-28', 1, '2005-10-28', NULL, '254', 'N', 'N'),
	(136, 'KG', '417', '083', 'KG', NULL, 'E', 'Kirguizistán', 'República de Kirguizistán', 'E', 'E', 'N', 'N', 'N', 'N', 'N', 'A', 5000789, '2005-10-28', 1, '2005-10-28', NULL, '996', 'N', 'N'),
	(137, 'KH', '116', '696', 'KH', NULL, 'E', 'Camboya', 'Reino de Camboya', 'E', 'E', 'N', 'N', 'N', 'N', 'N', 'A', 5000789, '2005-10-28', 1, '2005-10-28', NULL, '855', 'N', 'N'),
	(138, 'KI', '296', '812', 'KI', NULL, 'E', 'Kiribati', 'Kiribati (incluye las islas Gilbert (atolón principal Tarawa, incluyendo Banaba), parte de las islas Line (incluyendo Kiritimati), las islas Phoenix (incluyendo Abariringa y la isla Enderbury))', 'E', 'E', 'N', 'N', 'N', 'N', 'N', 'A', 5000789, '2005-10-28', 1, '2005-10-28', NULL, '686', 'N', 'N'),
	(139, 'KM', '174', '375', 'KM', NULL, 'E', 'Comores', 'República Federal Islámica de Las Comores (incluye Anjouan, Grande Comore, Moheli y otras islas)', 'E', 'E', 'N', 'N', 'N', 'N', 'N', 'A', 5000789, '2005-10-28', 1, '2005-10-28', NULL, '269', 'N', 'N'),
	(140, 'KN', '659', '449', 'KN', NULL, 'E', 'Saint Kitts y Nevis', 'Saint Kitts y Nevis', 'E', 'E', 'N', 'N', 'N', 'N', 'N', 'A', 5000789, '2005-10-28', 1, '2005-10-28', NULL, '1869', 'N', 'N'),
	(141, 'KP', '408', '724', 'KP', NULL, 'E', 'Corea, República Democrática Popular de', 'Corea, República Popular Democrática de (conocida como Corea del Norte)', 'E', 'E', 'N', 'N', 'N', 'N', 'N', 'A', 5000789, '2005-10-28', 1, '2005-10-28', NULL, '850', 'N', 'N'),
	(142, 'KR', '410', '728', 'KR', NULL, 'E', 'Corea, República de', 'Corea, República de (conocida como Corea del Sur)', 'E', 'E', 'N', 'N', 'N', 'N', 'N', 'A', 5000789, '2005-10-28', 1, '2005-10-28', NULL, '82', 'N', 'N'),
	(143, 'KW', '414', '636', 'KW', NULL, 'E', 'Kuwait', 'Estado de Kuwait', 'E', 'E', 'N', 'N', 'N', 'N', 'N', 'A', 5000789, '2005-10-28', 1, '2005-10-28', NULL, '965', 'N', 'N'),
	(144, 'KY', '136', '463', 'KY', NULL, 'E', 'Islas Caimán', 'Islas Caimán (isla principal Grand Cayman)', 'E', 'E', 'N', 'N', 'N', 'N', 'N', 'A', 5000789, '2005-10-28', 1, '2005-10-28', NULL, '1345', 'N', 'N'),
	(145, 'KZ', '398', '079', 'KZ', NULL, 'E', 'Kazajstán', 'República de Kazajstán', 'E', 'E', 'N', 'N', 'N', 'N', 'N', 'A', 5000789, '2005-10-28', 1, '2005-10-28', NULL, '7', 'N', 'N'),
	(146, 'LA', '418', '684', 'LA', NULL, 'E', 'República Democrática Popular de Laos', 'República Democrática Popular de Laos', 'E', 'E', 'N', 'N', 'N', 'N', 'N', 'A', 5000789, '2005-10-28', 1, '2005-10-28', NULL, '856', 'N', 'N'),
	(147, 'LB', '422', '604', 'LB', NULL, 'E', 'Líbano', 'República del Líbano', 'E', 'E', 'N', 'N', 'N', 'N', 'N', 'A', 5000789, '2005-10-28', 1, '2005-10-28', NULL, '961', 'N', 'N'),
	(148, 'LC', '662', '465', 'LC', NULL, 'E', 'Santa Lucía', 'Santa Lucía', 'E', 'E', 'N', 'N', 'N', 'N', 'N', 'A', 5000789, '2005-10-28', 1, '2005-10-28', NULL, '1758', 'N', 'N'),
	(149, 'LI', '438', '037', 'LI', NULL, 'E', 'Liechtenstein', 'Principado de Liechtenstein', 'E', 'E', 'N', 'N', 'N', 'N', 'N', 'A', 5000789, '2005-10-28', 1, '2005-10-28', NULL, '423', 'N', 'N'),
	(150, 'LK', '144', '669', 'LK', NULL, 'E', 'Sri Lanka', 'República Democrática Socialista de Sri Lanka', 'E', 'E', 'N', 'N', 'N', 'N', 'N', 'A', 5000789, '2005-10-28', 1, '2005-10-28', NULL, '94', 'N', 'N'),
	(151, 'LR', '430', '268', 'LR', NULL, 'E', 'Liberia', 'República de Liberia', 'E', 'E', 'N', 'N', 'N', 'N', 'N', 'A', 5000789, '2005-10-28', 1, '2005-10-28', NULL, '231', 'N', 'N'),
	(152, 'LS', '426', '395', 'LS', NULL, 'E', 'Lesoto', 'Reino de Lesotho', 'E', 'E', 'N', 'N', 'N', 'N', 'N', 'A', 5000789, '2005-10-28', 1, '2005-10-28', NULL, '266', 'N', 'N'),
	(153, 'LT', '440', '055', 'LT', NULL, 'E', 'Lituania', 'República de Lituania', 'E', 'E', 'N', 'N', 'N', 'N', 'N', 'A', 5000789, '2005-10-28', 1016, '2010-05-06', NULL, '370', 'S', 'N'),
	(154, 'LU', '442', '018', 'LU', NULL, 'E', 'Luxemburgo', 'Gran Ducado de Luxemburgo', 'E', 'E', 'N', 'N', 'N', 'N', 'N', 'A', 5000789, '2005-10-28', 1016, '2010-05-06', NULL, '352', 'S', 'N'),
	(155, 'LV', '428', '054', 'LV', NULL, 'E', 'Latvia', 'República de Latvia', 'E', 'E', 'N', 'N', 'N', 'N', 'N', 'A', 5000789, '2005-10-28', 1016, '2010-05-06', NULL, '79', 'S', 'N'),
	(26, 'AD', '020', '043', 'AD', NULL, 'E', 'Andorra', 'Principado de Andorra', 'E', 'E', 'N', 'N', 'N', 'N', 'N', 'A', 5000789, '2005-10-28', 5000086, '2017-04-06', NULL, '376', 'N', 'N'),
	(27, 'AE', '784', '647', 'AE', NULL, 'E', 'Emiratos Arabes Unidos', 'Emiratos Arabes Unidos', 'E', 'E', 'N', 'N', 'N', 'N', 'N', 'A', 5000789, '2005-10-28', 1, '2005-10-28', NULL, '971', 'N', 'N'),
	(28, 'AF', '004', '660', 'AF', NULL, 'E', 'Afganistán', 'Estado Islámico de Afganistán', 'E', 'E', 'N', 'N', 'N', 'N', 'N', 'A', 5000789, '2005-10-28', 1135, '2005-11-25', NULL, '93', 'N', 'N'),
	(29, 'AG', '028', '459', 'AG', NULL, 'E', 'Antigua y Barbuda', 'Antigua y Barbuda (incluye la isla Redonda)', 'E', 'E', 'N', 'N', 'N', 'N', 'N', 'A', 5000789, '2005-10-28', 1, '2005-10-28', NULL, '1268', 'N', 'N'),
	(30, 'AI', '660', '446', 'AI', NULL, 'E', 'Anguila', 'Anguila', 'E', 'E', 'N', 'N', 'N', 'N', 'N', 'A', 5000789, '2005-10-28', 1, '2005-10-28', NULL, '1264', 'N', 'N'),
	(31, 'AL', '008', '070', 'AL', NULL, 'E', 'Albania', 'República de Albania', 'E', 'E', 'N', 'N', 'N', 'N', 'N', 'A', 5000789, '2005-10-28', 1135, '2005-11-17', NULL, '355', 'N', 'N'),
	(32, 'AM', '051', '077', 'AM', NULL, 'E', 'Armenia', 'República de Armenia', 'E', 'E', 'N', 'N', 'N', 'N', 'N', 'A', 5000789, '2005-10-28', 1, '2005-10-28', NULL, '374', 'N', 'N'),
	(33, 'AN', '530', '478', 'AN', NULL, 'E', 'Antillas Holandesas', 'Antillas Holandesas (incluye Bonaire, Curacao, Saba, St. Eustatius y Southern St. Martin)', 'E', 'E', 'N', 'N', 'N', 'N', 'N', 'A', 5000789, '2005-10-28', 1, '2005-10-28', NULL, '599', 'N', 'N'),
	(34, 'AO', '024', '330', 'AO', NULL, 'E', 'Angola', 'República de Angola (incluye Cabinda)', 'E', 'E', 'N', 'N', 'N', 'N', 'N', 'A', 5000789, '2005-10-28', 1, '2005-10-28', NULL, '244', 'N', 'N'),
	(35, 'AQ', '010', NULL, 'AQ', NULL, 'E', 'Antártida', 'Territorio al sur 60 grados latitud sur', 'E', 'E', 'N', 'N', 'N', 'N', 'N', 'A', 5000789, '2005-10-28', 1016, '2010-05-06', NULL, '672', 'N', 'N'),
	(36, 'AR', '032', '528', 'AR', NULL, 'E', 'Argentina', 'República Argentina', 'E', 'E', 'N', 'N', 'N', 'N', 'N', 'A', 5000789, '2005-10-28', 184, '2010-10-27', NULL, '54', 'N', 'N'),
	(37, 'AS', '016', NULL, 'AS', NULL, 'E', 'Samoa Americana', 'Samoa Americana (isla principal Tutuila e incluye la isla de Swain)', 'E', 'E', 'N', 'N', 'N', 'N', 'N', 'A', 5000789, '2005-10-28', 1, '2005-10-28', NULL, NULL, 'N', 'N'),
	(38, 'AT', '040', '038', 'AT', NULL, 'E', 'Austria', 'República de Austria', 'E', 'E', 'N', 'N', 'N', 'N', 'N', 'A', 5000789, '2005-10-28', 1016, '2010-05-06', NULL, '43', 'S', 'N'),
	(39, 'AU', '036', '800', 'AU', NULL, 'E', 'Australia', 'Australia (incluye la isla Lord Howe, las islas Macquarie, las islas Ashmore y la isla Cartier; además las islas Coral Sea son territorios externos australianos)', 'E', 'E', 'N', 'N', 'N', 'N', 'N', 'A', 5000789, '2005-10-28', 1, '2005-10-28', NULL, '61', 'N', 'N'),
	(40, 'AW', '533', '474', 'AW', NULL, 'E', 'Aruba', 'Aruba', 'E', 'E', 'N', 'N', 'N', 'N', 'N', 'A', 5000789, '2005-10-28', 1, '2005-10-28', NULL, '297', 'N', 'N'),
	(41, 'AZ', '031', '078', 'AZ', NULL, 'E', 'Azerbaiyán', 'República de Azerbayán', 'E', 'E', 'N', 'N', 'N', 'N', 'N', 'A', 5000789, '2005-10-28', 1, '2005-10-28', NULL, '994', 'N', 'N'),
	(42, 'BA', '070', '093', 'BA', NULL, 'E', 'Bosnia y Herzegovina', 'República de Bosnia y Herzegovina', 'E', 'E', 'N', 'N', 'N', 'N', 'N', 'A', 5000789, '2005-10-28', 186, '2013-01-31', NULL, '397', 'N', 'N'),
	(43, 'BB', '052', '469', 'BB', NULL, 'E', 'Barbados', 'Barbados', 'E', 'E', 'N', 'N', 'N', 'N', 'N', 'A', 5000789, '2005-10-28', 1, '2005-10-28', NULL, '1246', 'N', 'N'),
	(44, 'BD', '050', '666', 'BD', NULL, 'E', 'Bangladesh', 'República Popular de Bangladesh', 'E', 'E', 'N', 'N', 'N', 'N', 'N', 'A', 5000789, '2005-10-28', 1, '2005-10-28', NULL, '880', 'N', 'N'),
	(45, 'BE', '056', '017', 'BE', NULL, 'E', 'Bélgica', 'Reino de Bélgica', 'E', 'E', 'N', 'N', 'N', 'N', 'N', 'A', 5000789, '2005-10-28', 1016, '2010-05-06', NULL, '32', 'S', 'N'),
	(46, 'BF', '854', '236', 'BF', NULL, 'E', 'Burkina Faso', 'Burma véase Myanmar', 'E', 'E', 'N', 'N', 'N', 'N', 'N', 'A', 5000789, '2005-10-28', 1, '2005-10-28', NULL, '226', 'N', 'N'),
	(47, 'BG', '100', '068', 'BG', NULL, 'E', 'Bulgaria', 'República de Bulgaria', 'E', 'E', 'N', 'N', 'N', 'N', 'N', 'A', 5000789, '2005-10-28', 2731, '2012-03-15', NULL, '00359', 'S', 'N'),
	(48, 'BH', '048', '640', 'BH', NULL, 'E', 'Bahrein', 'Estado de Bahrain', 'E', 'E', 'N', 'N', 'N', 'N', 'N', 'A', 5000789, '2005-10-28', 1, '2005-10-28', NULL, '973', 'N', 'N'),
	(49, 'BI', '108', '328', 'BI', NULL, 'E', 'Burundi', 'República de Burundi', 'E', 'E', 'N', 'N', 'N', 'N', 'N', 'A', 5000789, '2005-10-28', 1, '2005-10-28', NULL, '257', 'N', 'N'),
	(50, 'BJ', '204', '284', 'BJ', NULL, 'E', 'Benín', 'República de Benín', 'E', 'E', 'N', 'N', 'N', 'N', 'N', 'A', 5000789, '2005-10-28', 1, '2005-10-28', NULL, '229', 'N', 'N'),
	(51, 'BM', '060', '413', 'BM', NULL, 'E', 'Bermudas', 'Bermudas', 'E', 'E', 'N', 'N', 'N', 'N', 'N', 'A', 5000789, '2005-10-28', 1, '2005-10-28', NULL, '1441', 'N', 'N'),
	(52, 'BN', '096', '703', 'BN', NULL, 'E', 'Brunei Darussalam', 'Brunei Darussalam', 'E', 'E', 'N', 'N', 'N', 'N', 'N', 'A', 5000789, '2005-10-28', 1, '2005-10-28', NULL, '673', 'N', 'N'),
	(53, 'BO', '068', '516', 'BO', NULL, 'E', 'Bolivia', 'República de Bolivia', 'E', 'E', 'N', 'N', 'N', 'N', 'N', 'A', 5000789, '2005-10-28', 897, '2010-06-28', NULL, '591', 'N', 'N'),
	(54, 'BR', '076', '508', 'BR', NULL, 'E', 'Brasil', 'República Federal de Brasil (incluye la isla Fernando de Noronha, las islas Martim Vaz y la isla Trindade)', 'E', 'E', 'N', 'N', 'N', 'N', 'N', 'A', 5000789, '2005-10-28', 1, '2005-10-28', NULL, '55', 'N', 'N'),
	(55, 'BS', '044', '453', 'BS', NULL, 'E', 'Bahamas', 'Commonwealth de las Bahamas', 'E', 'E', 'N', 'N', 'N', 'N', 'N', 'A', 5000789, '2005-10-28', 1, '2005-10-28', NULL, '1242', 'N', 'N'),
	(56, 'BT', '064', '675', 'BT', NULL, 'E', 'Bután', 'Reino de Bután', 'E', 'E', 'N', 'N', 'N', 'N', 'N', 'A', 5000789, '2005-10-28', 1, '2005-10-28', NULL, '975', 'N', 'N'),
	(57, 'BV', '074', NULL, 'BV', NULL, 'E', 'Isla Bouvet', 'Isla Bouvet', 'E', 'E', 'N', 'N', 'N', 'N', 'N', 'A', 5000789, '2005-10-28', 1, '2005-10-28', NULL, NULL, 'N', 'N'),
	(58, 'BW', '072', '391', 'BW', NULL, 'E', 'Botsuana', 'República de Botswana', 'E', 'E', 'N', 'N', 'N', 'N', 'N', 'A', 5000789, '2005-10-28', 1, '2005-10-28', NULL, '267', 'N', 'N'),
	(59, 'BY', '112', '073', 'BY', NULL, 'E', 'Bielorrusia', 'República de Bielorrusia', 'E', 'E', 'N', 'N', 'N', 'N', 'N', 'A', 5000789, '2005-10-28', 1, '2005-10-28', NULL, '375', 'N', 'N'),
	(60, 'BZ', '084', '421', 'BZ', NULL, 'E', 'Belice', 'Belice', 'E', 'E', 'N', 'N', 'N', 'N', 'N', 'A', 5000789, '2005-10-28', 1, '2005-10-28', NULL, '501', 'N', 'N'),
	(61, 'CA', '124', '404', 'CA', NULL, 'E', 'Canadá', 'Canadá', 'E', 'E', 'N', 'N', 'N', 'N', 'N', 'A', 5000789, '2005-10-28', 1, '2005-10-28', NULL, '1', 'N', 'N'),
	(62, 'CC', '166', NULL, 'CC', NULL, 'E', 'Islas Cocos (Keeling)', 'Islas Cocos (Keeling)', 'E', 'E', 'N', 'N', 'N', 'N', 'N', 'A', 5000789, '2005-10-28', 1, '2005-10-28', NULL, NULL, 'N', 'N'),
	(63, 'CD', '180', '322', 'CD', NULL, 'E', 'Congo, República Democrática del', 'República Democrática del Congo (el registro anterior era República del Zaire)', 'E', 'E', 'N', 'N', 'N', 'N', 'N', 'A', 5000789, '2005-10-28', 1, '2005-10-28', NULL, '243', 'N', 'N'),
	(64, 'CF', '140', '306', 'CF', NULL, 'E', 'República Centroafricana', 'República Centroafricana', 'E', 'E', 'N', 'N', 'N', 'N', 'N', 'A', 5000789, '2005-10-28', 1, '2005-10-28', NULL, '236', 'N', 'N'),
	(65, 'CG', '178', '318', 'CG', NULL, 'E', 'Congo', 'República del Congo', 'E', 'E', 'N', 'N', 'N', 'N', 'N', 'A', 5000789, '2005-10-28', 1, '2005-10-28', NULL, '242', 'N', 'N'),
	(66, 'CH', '756', '039', 'CH', NULL, 'E', 'Suiza', 'Confederación Suiza', 'E', 'E', 'N', 'N', 'N', 'N', 'N', 'A', 5000789, '2005-10-28', 186, '2013-03-06', NULL, '41', 'N', 'N'),
	(67, 'CI', '384', '272', 'CI', NULL, 'E', 'Costa de Marfil', 'República de Costa de Marfil', 'E', 'E', 'N', 'N', 'N', 'N', 'N', 'A', 5000789, '2005-10-28', 1, '2005-10-28', NULL, '225', 'N', 'N'),
	(68, 'CK', '184', NULL, 'CK', NULL, 'E', 'Islas Cook', 'Islas Cook (isla principal Rarotonga)', 'E', 'E', 'N', 'N', 'N', 'N', 'N', 'A', 5000789, '2005-10-28', 1, '2005-10-28', NULL, '682', 'N', 'N'),
	(69, 'CL', '152', '512', 'CL', NULL, 'E', 'Chile', 'República de Chile (incluye la isla de Pascua, las islas Juan Fernández, la isla Sala y Gómez, la isla San Ambrosio y la isla San Félix)', 'E', 'E', 'N', 'N', 'N', 'N', 'N', 'A', 5000789, '2005-10-28', 1, '2005-10-28', NULL, '56', 'N', 'N'),
	(70, 'CM', '120', '302', 'CM', NULL, 'E', 'Camerún', 'República de Camerún', 'E', 'E', 'N', 'N', 'N', 'N', 'N', 'A', 5000789, '2005-10-28', 1, '2005-10-28', NULL, '237', 'N', 'N'),
	(71, 'CN', '156', '720', 'CN', NULL, 'E', 'China', 'República Popular de China (véase también TAIWAN, PROVINCIA DE CHINA)', 'E', 'E', 'N', 'N', 'N', 'N', 'N', 'A', 5000789, '2005-10-28', 1900, '2011-01-14', NULL, '86', 'N', 'N'),
	(72, 'CO', '170', '480', 'CO', NULL, 'E', 'Colombia', 'República de Colombia (incluye la isla Malpelo y las islas San Andrés y Providencia)', 'E', 'E', 'N', 'N', 'N', 'N', 'N', 'A', 5000789, '2005-10-28', 5000358, '2019-05-15', NULL, '573', 'N', 'N'),
	(73, 'CR', '188', '436', 'CR', NULL, 'E', 'Costa Rica', 'República de Costa Rica (incluye la isla Cocos)', 'E', 'E', 'N', 'N', 'N', 'N', 'N', 'A', 5000789, '2005-10-28', 5000290, '2018-06-29', NULL, '50', 'N', 'N'),
	(74, 'CU', '192', '448', 'CU', NULL, 'E', 'Cuba', 'República de Cuba', 'E', 'E', 'N', 'N', 'N', 'N', 'N', 'A', 5000789, '2005-10-28', 15450673, '2018-09-19', NULL, '53', 'N', 'N'),
	(75, 'CV', '132', '247', 'CV', NULL, 'E', 'Cabo Verde', 'República de Cabo Verde (principales islas Sao Tiago y Sao Vincente)', 'E', 'E', 'N', 'N', 'N', 'N', 'N', 'A', 5000789, '2005-10-28', 1, '2005-10-28', NULL, '238', 'N', 'N'),
	(76, 'CX', '162', NULL, 'CX', NULL, 'E', 'Isla Natividad', 'Isla Natividad', 'E', 'E', 'N', 'N', 'N', 'N', 'N', 'A', 5000789, '2005-10-28', 1, '2005-10-28', NULL, NULL, 'N', 'N'),
	(77, 'CY', '196', '600', 'CY', NULL, 'E', 'Chipre', 'República de Chipre', 'E', 'E', 'N', 'N', 'N', 'N', 'N', 'A', 5000789, '2005-10-28', 1016, '2010-05-06', NULL, '357', 'S', 'N'),
	(78, 'CZ', '203', '061', 'CZ', NULL, 'E', 'República Checa', 'República Checa', 'E', 'E', 'N', 'N', 'N', 'N', 'N', 'A', 5000789, '2005-10-28', 1016, '2010-05-06', NULL, '420', 'S', 'N'),
	(79, 'DE', '276', '004', 'DE', NULL, 'E', 'Alemania', 'República Federal de Alemania', 'E', 'E', 'N', 'N', 'N', 'N', 'N', 'A', 5000789, '2005-10-28', 1114, '2011-03-17', NULL, '49', 'S', 'N'),
	(80, 'DJ', '262', '338', 'DJ', NULL, 'E', 'Djibuti', 'República de Djibuti', 'E', 'E', 'N', 'N', 'N', 'N', 'N', 'A', 5000789, '2005-10-28', 1, '2005-10-28', NULL, '253', 'N', 'N'),
	(81, 'DK', '208', '008', 'DK', NULL, 'E', 'Dinamarca', 'Reino de Dinamarca', 'E', 'E', 'N', 'N', 'N', 'N', 'N', 'A', 5000789, '2005-10-28', 1016, '2010-05-06', NULL, '45', 'S', 'N'),
	(82, 'DM', '212', '460', 'DM', NULL, 'E', 'Dominica', 'Commonwealth de Dominica', 'E', 'E', 'N', 'N', 'N', 'N', 'N', 'A', 5000789, '2005-10-28', 1, '2005-10-28', NULL, '809', 'N', 'N'),
	(83, 'DO', '214', '456', 'DO', NULL, 'E', 'República Dominicana', 'República Dominicana', 'E', 'E', 'N', 'N', 'N', 'N', 'N', 'A', 5000789, '2005-10-28', 1, '2005-10-28', NULL, '809', 'N', 'N'),
	(84, 'DZ', '012', '208', 'DZ', NULL, 'E', 'Argelia', 'República Democrática Popular de Argelia', 'E', 'E', 'N', 'N', 'N', 'N', 'N', 'A', 5000789, '2005-10-28', 186, '2013-05-30', NULL, '213', 'N', 'N'),
	(85, 'EC', '218', '500', 'EC', NULL, 'E', 'Ecuador', 'República del Ecuador (incluye las islas Galapagos (Archipiélago de Colon))', 'E', 'E', 'N', 'N', 'N', 'N', 'N', 'A', 5000789, '2005-10-28', 5000086, '2018-06-26', NULL, '593', 'N', 'N'),
	(86, 'EE', '233', '053', 'EE', NULL, 'E', 'Estonia', 'República de Estonia', 'E', 'E', 'N', 'N', 'N', 'N', 'N', 'A', 5000789, '2005-10-28', 1016, '2010-06-23', NULL, '372', 'S', 'N'),
	(87, 'EG', '818', '220', 'EG', NULL, 'E', 'Egipto', 'República Arabe de Egipto', 'E', 'E', 'N', 'N', 'N', 'N', 'N', 'A', 5000789, '2005-10-28', 1, '2005-10-28', NULL, '20', 'N', 'N'),
	(88, 'EH', '732', NULL, 'EH', NULL, 'E', 'Sahara Occidental', 'Sahara Occidental', 'E', 'E', 'N', 'N', 'N', 'N', 'N', 'A', 5000789, '2005-10-28', 1, '2005-10-28', NULL, '212', 'N', 'N'),
	(89, 'ER', '232', '336', 'ER', NULL, 'E', 'Eritrea', 'Eritrea', 'E', 'E', 'N', 'N', 'N', 'N', 'N', 'A', 5000789, '2005-10-28', 1, '2005-10-28', NULL, '291', 'N', 'N'),
	(90, 'ES', '724', '011', 'ES', NULL, 'E', 'España', 'Reino de España', 'E', 'E', 'S', 'S', 'N', 'N', 'N', 'A', 5000789, '2005-10-28', 1016, '2010-05-06', NULL, '34', 'S', 'N'),
	(91, 'ET', '231', '334', 'ET', NULL, 'E', 'Etiopía', 'República Democrática Federal de Etiopía', 'E', 'E', 'N', 'N', 'N', 'N', 'N', 'A', 5000789, '2005-10-28', 1, '2005-10-28', NULL, '251', 'N', 'N'),
	(92, 'FI', '246', '032', 'FI', NULL, 'E', 'Finlandia', 'República de Finlandia (incluye Aland)', 'E', 'E', 'N', 'N', 'N', 'N', 'N', 'A', 5000789, '2005-10-28', 1016, '2010-05-06', NULL, '358', 'S', 'N'),
	(93, 'FJ', '242', '815', 'FJ', NULL, 'E', 'Fiji', 'República de Fiji (islas principales Vanua Levu y Viti Levu, incluye la isla Rotuma)', 'E', 'E', 'N', 'N', 'N', 'N', 'N', 'A', 5000789, '2005-10-28', 1, '2005-10-28', NULL, '679', 'N', 'N'),
	(156, 'LX', '440', NULL, 'LX', NULL, 'E', 'Obsoleto véase territorio LT', 'Obsoleto véase territorio LT', 'E', 'E', 'N', 'N', 'N', 'N', 'N', 'A', 5000789, '2005-10-28', 1, '2005-10-28', NULL, NULL, 'N', 'N');
/*!40000 ALTER TABLE `CMP_PAISES` ENABLE KEYS */;

-- Volcando estructura para tabla prueba_evolmind.CMP_PROVINCIAS
CREATE TABLE IF NOT EXISTS `CMP_PROVINCIAS` (
  `PROVINCIA_ID` int(11) unsigned NOT NULL,
  `CODIGO_PROVINCIA` varchar(3) COLLATE utf8mb4_unicode_ci NOT NULL,
  `CODIGO_POSTAL1` varchar(15) COLLATE utf8mb4_unicode_ci DEFAULT NULL,
  `CODIGO_POSTAL2` varchar(15) COLLATE utf8mb4_unicode_ci DEFAULT NULL,
  `CODIGO_IVA` varchar(15) COLLATE utf8mb4_unicode_ci DEFAULT NULL,
  `PAIS_ID` decimal(22,0) NOT NULL,
  `IDIOMA_ID` decimal(22,0) NOT NULL,
  `ESTADO` varchar(1) COLLATE utf8mb4_unicode_ci NOT NULL DEFAULT 'A',
  `CREADO_POR` decimal(22,0) NOT NULL,
  `FECHA_CREACION` date NOT NULL,
  `MODIFICADO_POR` decimal(22,0) NOT NULL,
  `FECHA_MODIFICACION` date NOT NULL,
  `FECHA_BORRADO` date DEFAULT NULL,
  `NOMBRE` varchar(50) COLLATE utf8mb4_unicode_ci NOT NULL,
  PRIMARY KEY (`PROVINCIA_ID`),
  KEY `PAIS_ID` (`PAIS_ID`)
) ENGINE=InnoDB DEFAULT CHARSET=utf8mb4 COLLATE=utf8mb4_unicode_ci;

-- Volcando datos para la tabla prueba_evolmind.CMP_PROVINCIAS: ~764 rows (aproximadamente)
/*!40000 ALTER TABLE `CMP_PROVINCIAS` DISABLE KEYS */;
INSERT INTO `CMP_PROVINCIAS` (`PROVINCIA_ID`, `CODIGO_PROVINCIA`, `CODIGO_POSTAL1`, `CODIGO_POSTAL2`, `CODIGO_IVA`, `PAIS_ID`, `IDIOMA_ID`, `ESTADO`, `CREADO_POR`, `FECHA_CREACION`, `MODIFICADO_POR`, `FECHA_MODIFICACION`, `FECHA_BORRADO`, `NOMBRE`) VALUES
	(1, '01', '01000', NULL, 'IVA', 90, 11, 'A', 15454204, '2005-12-15', 1087, '2005-12-15', NULL, 'ÁLAVA'),
	(2, '02', '02000', NULL, 'IVA', 90, 11, 'A', 15454204, '2005-12-15', 1087, '2005-12-15', NULL, 'ALBACETE'),
	(3, '03', '03000', NULL, 'IVA', 90, 11, 'A', 15454204, '2005-12-15', 1087, '2005-12-15', NULL, 'ALICANTE/ALACANT'),
	(4, '04', '04000', NULL, 'IVA', 90, 11, 'A', 15454204, '2005-12-15', 1087, '2005-12-15', NULL, 'ALMERÍA'),
	(5, '05', '05000', NULL, 'IVA', 90, 11, 'A', 15454204, '2005-12-15', 1087, '2005-12-15', NULL, 'ÁVILA'),
	(6, '06', '06000', NULL, 'IVA', 90, 11, 'A', 15454204, '2005-12-15', 1087, '2005-12-15', NULL, 'BADAJOZ'),
	(7, '07', '07000', NULL, 'IVA', 90, 11, 'A', 15454204, '2005-12-15', 1087, '2005-12-15', NULL, 'ILLES BALEARS'),
	(8, '08', '08000', NULL, 'IVA', 90, 11, 'A', 15454204, '2005-12-15', 1087, '2005-12-15', NULL, 'BARCELONA'),
	(9, '09', '09000', NULL, 'IVA', 90, 11, 'A', 15454204, '2005-12-15', 1087, '2005-12-15', NULL, 'BURGOS'),
	(10, '10', '10000', NULL, 'IVA', 90, 11, 'A', 15454204, '2005-12-15', 1087, '2005-12-15', NULL, 'CÁCERES'),
	(11, '11', '11000', NULL, 'IVA', 90, 11, 'A', 15454204, '2005-12-15', 1087, '2005-12-15', NULL, 'CADIZ'),
	(12, '12', '12000', NULL, 'IVA', 90, 11, 'A', 15454204, '2005-12-15', 1087, '2005-12-15', NULL, 'CASTELLÓN DE LA PLANA/CASTELLÓ P.'),
	(13, '13', '13000', NULL, 'IVA', 90, 11, 'A', 15454204, '2005-12-15', 1087, '2005-12-15', NULL, 'CIUDAD REAL'),
	(14, '14', '14000', NULL, 'IVA', 90, 11, 'A', 15454204, '2005-12-15', 1087, '2005-12-15', NULL, 'CÓRDOBA'),
	(15, '15', '15000', NULL, 'IVA', 90, 11, 'A', 15454204, '2005-12-15', 1087, '2005-12-15', NULL, 'CORUÑA, A'),
	(16, '16', '16000', NULL, 'IVA', 90, 11, 'A', 15454204, '2005-12-15', 1087, '2005-12-15', NULL, 'CUENCA'),
	(17, '17', '17000', NULL, 'IVA', 90, 11, 'A', 15454204, '2005-12-15', 1087, '2005-12-15', NULL, 'GIRONA'),
	(18, '18', '18000', NULL, 'IVA', 90, 11, 'A', 15454204, '2005-12-15', 1087, '2005-12-15', NULL, 'GRANADA'),
	(19, '19', '19000', NULL, 'IVA', 90, 11, 'A', 15454204, '2005-12-15', 1087, '2005-12-15', NULL, 'GUADALAJARA'),
	(20, '20', '20000', NULL, 'IVA', 90, 11, 'A', 15454204, '2005-12-15', 1087, '2005-12-15', NULL, 'GUIPÚZCOA'),
	(21, '21', '21000', NULL, 'IVA', 90, 11, 'A', 15454204, '2005-12-15', 1087, '2005-12-15', NULL, 'HUELVA'),
	(22, '22', '22000', NULL, 'IVA', 90, 11, 'A', 15454204, '2005-12-15', 1087, '2005-12-15', NULL, 'HUESCA'),
	(23, '23', '23000', NULL, 'IVA', 90, 11, 'A', 15454204, '2005-12-15', 1087, '2005-12-15', NULL, 'JAÉN'),
	(24, '24', '24000', NULL, 'IVA', 90, 11, 'A', 15454204, '2005-12-15', 1087, '2005-12-15', NULL, 'LEÓN'),
	(25, '25', '25000', NULL, 'IVA', 90, 11, 'A', 15454204, '2005-12-15', 1087, '2005-12-15', NULL, 'LLEIDA'),
	(26, '26', '26000', NULL, 'IVA', 90, 11, 'A', 15454204, '2005-12-15', 1087, '2005-12-15', NULL, 'RIOJA, LA'),
	(27, '27', '27000', NULL, 'IVA', 90, 11, 'A', 15454204, '2005-12-15', 1087, '2005-12-15', NULL, 'LUGO'),
	(28, '28', '28000', NULL, 'IVA', 90, 11, 'A', 15454204, '2005-12-15', 1087, '2005-12-15', NULL, 'MADRID'),
	(29, '29', '29000', NULL, 'IVA', 90, 11, 'A', 15454204, '2005-12-15', 1087, '2005-12-15', NULL, 'MÁLAGA'),
	(30, '30', '30000', NULL, 'IVA', 90, 11, 'A', 15454204, '2005-12-15', 1087, '2005-12-15', NULL, 'MURCIA'),
	(31, '31', '31000', NULL, 'IVA', 90, 11, 'A', 15454204, '2005-12-15', 1087, '2005-12-15', NULL, 'NAVARRA'),
	(32, '32', '32000', NULL, 'IVA', 90, 11, 'A', 15454204, '2005-12-15', 1087, '2005-12-15', NULL, 'OURENSE'),
	(33, '33', '33000', NULL, 'IVA', 90, 11, 'A', 15454204, '2005-12-15', 1087, '2005-12-15', NULL, 'ASTURIAS'),
	(34, '34', '34000', NULL, 'IVA', 90, 11, 'A', 15454204, '2005-12-15', 1087, '2005-12-15', NULL, 'PALENCIA'),
	(35, '35', '35000', NULL, 'IGIC', 90, 11, 'A', 15454204, '2005-12-15', 1087, '2005-12-15', NULL, 'PALMAS, LAS'),
	(36, '36', '36000', NULL, 'IVA', 90, 11, 'A', 15454204, '2005-12-15', 1087, '2005-12-15', NULL, 'PONTEVEDRA'),
	(37, '37', '37000', NULL, 'IVA', 90, 11, 'A', 15454204, '2005-12-15', 1087, '2005-12-15', NULL, 'SALAMANCA'),
	(38, '38', '38000', NULL, 'IGIC', 90, 11, 'A', 15454204, '2005-12-15', 1087, '2005-12-15', NULL, 'SANTA CRUZ DE TENERIFE'),
	(39, '39', '39000', NULL, 'IVA', 90, 11, 'A', 15454204, '2005-12-15', 1087, '2005-12-15', NULL, 'CANTABRIA'),
	(40, '40', '40000', NULL, 'IVA', 90, 11, 'A', 15454204, '2005-12-15', 1087, '2005-12-15', NULL, 'SEGOVIA'),
	(41, '41', '41000', NULL, 'IVA', 90, 11, 'A', 15454204, '2005-12-15', 1087, '2005-12-15', NULL, 'SEVILLA'),
	(42, '42', '42000', NULL, 'IVA', 90, 11, 'A', 15454204, '2005-12-15', 1087, '2005-12-15', NULL, 'SORIA'),
	(43, '43', '43000', NULL, 'IVA', 90, 11, 'A', 15454204, '2005-12-15', 1087, '2005-12-15', NULL, 'TARRAGONA'),
	(44, '44', '44000', NULL, 'IVA', 90, 11, 'A', 15454204, '2005-12-15', 1087, '2005-12-15', NULL, 'TERUEL'),
	(45, '45', '45000', NULL, 'IVA', 90, 11, 'A', 15454204, '2005-12-15', 1087, '2005-12-15', NULL, 'TOLEDO'),
	(46, '46', '46000', NULL, 'IVA', 90, 11, 'A', 15454204, '2005-12-15', 1087, '2005-12-15', NULL, 'VALENCIA/VALÈNCIA'),
	(47, '47', '47000', NULL, 'IVA', 90, 11, 'A', 15454204, '2005-12-15', 1087, '2005-12-15', NULL, 'VALLADOLID'),
	(48, '48', '48000', NULL, 'IVA', 90, 11, 'A', 15454204, '2005-12-15', 1087, '2005-12-15', NULL, 'VIZCAYA'),
	(49, '49', '49000', NULL, 'IVA', 90, 11, 'A', 15454204, '2005-12-15', 1087, '2005-12-15', NULL, 'ZAMORA'),
	(50, '50', '50000', NULL, 'IVA', 90, 11, 'A', 15454204, '2005-12-15', 1087, '2005-12-15', NULL, 'ZARAGOZA'),
	(51, '51', '51000', NULL, 'IGIC', 90, 11, 'A', 15454204, '2005-12-20', 1987, '2010-08-04', NULL, 'CEUTA'),
	(52, '52', '52000', NULL, 'IGIC', 90, 11, 'A', 15454204, '2005-12-20', 1987, '2010-08-04', NULL, 'MELILLA'),
	(53, '53', '53000', NULL, 'IVA', 90, 11, 'A', 15454204, '2005-12-15', 1087, '2005-12-15', NULL, 'ANDORRA'),
	(55, '01', '46000', NULL, 'IVA', 131, 108, 'A', 75226, '2006-09-19', 373, '2006-09-19', NULL, 'MANTOVA'),
	(56, '01', 'SL13 SG', NULL, 'IVA', 100, 1, 'A', 5000086, '2006-10-23', 184, '2006-10-23', NULL, 'BERSHIRE'),
	(57, '01', '4000', NULL, 'IVA', 66, 2, 'A', 5000086, '2006-11-02', 2731, '2013-02-20', NULL, 'CANTÓN DE ARGOVIA'),
	(58, '01', '50000', NULL, 'IVA', 79, 4, 'A', 5000086, '2007-01-10', 184, '2007-01-10', NULL, 'COLONIA'),
	(59, '01', '4100', '129', 'IVA', 203, 18, 'I', 5000086, '2007-02-14', 184, '2007-02-14', '2007-05-14', 'PORTO'),
	(60, '02', '1700', '087', 'IVA', 203, 18, 'I', 5000086, '2007-02-14', 184, '2007-02-14', '2007-05-14', 'LISBOA'),
	(61, '101', '500', NULL, 'IVA', 111, 104, 'A', 5000086, '2007-04-11', 184, '2008-07-28', NULL, 'THESSALONIKI'),
	(62, '03', '2710', '630', 'IVA', 203, 18, 'I', 5000086, '2007-05-11', 184, '2007-05-11', '2007-05-14', 'BANHOLAS'),
	(63, '04', '4405', '0', 'IVA', 203, 18, 'I', 5000086, '2007-05-11', 184, '2007-05-11', '2007-05-14', 'V.N. DE GAIA'),
	(64, '01', NULL, NULL, 'IVA', 45, 11, 'A', 5000193, '2007-06-14', 897, '2007-06-14', NULL, 'WAYNE'),
	(65, '05', NULL, NULL, 'IVA', 203, 18, 'A', 5000789, '2007-04-25', 1, '2007-04-25', NULL, 'CASTELO BRANCO'),
	(66, '06', NULL, NULL, 'IVA', 203, 18, 'A', 5000789, '2007-04-25', 1, '2007-04-25', NULL, 'COIMBRA'),
	(67, '07', NULL, NULL, 'IVA', 203, 18, 'A', 5000789, '2007-04-25', 1, '2007-04-25', NULL, 'ÉVORA'),
	(68, '08', NULL, NULL, 'IVA', 203, 18, 'A', 5000789, '2007-04-25', 1, '2007-04-25', NULL, 'FARO'),
	(69, '09', NULL, NULL, 'IVA', 203, 18, 'A', 5000789, '2007-04-25', 1, '2007-04-25', NULL, 'GUARDA'),
	(70, '10', NULL, NULL, 'IVA', 203, 18, 'A', 5000789, '2007-04-25', 1, '2007-04-25', NULL, 'LEIRIA'),
	(71, '11', NULL, NULL, 'IVA', 203, 18, 'A', 5000789, '2007-04-25', 1, '2007-04-25', NULL, 'LISBOA'),
	(72, '12', NULL, NULL, 'IVA', 203, 18, 'A', 5000789, '2007-04-25', 1, '2007-04-25', NULL, 'PORTALEGRE'),
	(73, '13', NULL, NULL, 'IVA', 203, 18, 'A', 5000789, '2007-04-25', 1, '2007-04-25', NULL, 'PORTO'),
	(74, '14', NULL, NULL, 'IVA', 203, 18, 'A', 5000789, '2007-04-25', 1, '2007-04-25', NULL, 'SANTARÉM'),
	(75, '15', NULL, NULL, 'IVA', 203, 18, 'A', 5000789, '2007-04-25', 1, '2007-04-25', NULL, 'SETÚBAL'),
	(76, '16', NULL, NULL, 'IVA', 203, 18, 'A', 5000789, '2007-04-25', 1, '2007-04-25', NULL, 'VIANA DO CASTELO'),
	(77, '17', NULL, NULL, 'IVA', 203, 18, 'A', 5000789, '2007-04-25', 1, '2007-04-25', NULL, 'VILA REAL'),
	(78, '18', NULL, NULL, 'IVA', 203, 18, 'A', 5000789, '2007-04-25', 1, '2007-04-25', NULL, 'VISEU'),
	(79, '31', NULL, NULL, 'IVA', 203, 18, 'A', 5000789, '2007-04-25', 1, '2007-04-25', NULL, 'ILHA DA MADEIRA'),
	(80, '32', NULL, NULL, 'IVA', 203, 18, 'A', 5000789, '2007-04-25', 1, '2007-04-25', NULL, 'ILHA DE PORTO SANTO'),
	(81, '41', NULL, NULL, 'IVA', 203, 18, 'A', 5000789, '2007-04-25', 1, '2007-04-25', NULL, 'ILHA DE SANTA MARIA'),
	(82, '42', NULL, NULL, 'IVA', 203, 18, 'A', 5000789, '2007-04-25', 1, '2007-04-25', NULL, 'ILHA DE SÃO MIGUEL'),
	(83, '43', NULL, NULL, 'IVA', 203, 18, 'A', 5000789, '2007-04-25', 1, '2007-04-25', NULL, 'ILHA TERCEIRA'),
	(84, '44', NULL, NULL, 'IVA', 203, 18, 'A', 5000789, '2007-04-25', 1, '2007-04-25', NULL, 'ILHA DA GRACIOSA'),
	(85, '45', NULL, NULL, 'IVA', 203, 18, 'A', 5000789, '2007-04-25', 1, '2007-04-25', NULL, 'ILHA DE SÃO JORGE'),
	(86, '46', NULL, NULL, 'IVA', 203, 18, 'A', 5000789, '2007-04-25', 1, '2007-04-25', NULL, 'ILHA DO PICO'),
	(87, '47', NULL, NULL, 'IVA', 203, 18, 'A', 5000789, '2007-04-25', 1, '2007-04-25', NULL, 'ILHA DO FAIAL'),
	(88, '48', NULL, NULL, 'IVA', 203, 18, 'A', 5000789, '2007-04-25', 1, '2007-04-25', NULL, 'ILHA DAS FLORES'),
	(89, '49', NULL, NULL, 'IVA', 203, 18, 'A', 5000789, '2007-04-25', 1, '2007-04-25', NULL, 'ILHA DO CORVO'),
	(90, '01', NULL, NULL, 'IVA', 203, 18, 'A', 5000789, '2007-04-25', 1, '2007-04-25', NULL, 'AVEIRO'),
	(91, '02', NULL, NULL, 'IVA', 203, 18, 'A', 5000789, '2007-04-25', 1, '2007-04-25', NULL, 'BEJA'),
	(92, '03', NULL, NULL, 'IVA', 203, 18, 'A', 5000789, '2007-04-25', 1, '2007-04-25', NULL, 'BRAGA'),
	(93, '04', NULL, NULL, 'IVA', 203, 18, 'A', 5000789, '2007-04-25', 1, '2007-04-25', NULL, 'BRAGANÇA'),
	(107, '01', 'NE16 4QY', NULL, 'IVA', 249, 1, 'A', 5000212, '2008-01-02', 115, '2008-01-02', NULL, 'NEWCASTLE-UPON'),
	(109, '02', 'FY14HW', NULL, 'IVA', 100, 1, 'A', 5000193, '2008-01-02', 897, '2008-01-02', NULL, 'BLACKPOOL'),
	(110, '03', 'W30PP', NULL, 'IVA', 100, 1, 'A', 5000193, '2008-01-02', 897, '2008-01-02', NULL, 'LONDRES'),
	(111, '01', '1113', NULL, 'IVA', 47, 101, 'A', 5000193, '2008-01-03', 897, '2008-01-03', NULL, 'SOFIA'),
	(112, '19', NULL, NULL, 'IVA', 203, 18, 'I', 5000086, '2008-02-11', 184, '2008-02-11', '2011-08-12', 'SINTRA'),
	(125, '02', '400', NULL, 'IVA', 111, 104, 'A', 5000086, '2008-02-13', 1016, '2008-07-28', '2011-09-14', 'PREVEZA'),
	(126, '03', '600', NULL, 'IVA', 111, 104, 'A', 5000086, '2008-02-13', 1016, '2008-07-28', '2011-09-14', 'PIERIAS '),
	(127, '04', '500', NULL, 'IVA', 111, 104, 'I', 5000086, '2008-02-13', 184, '2008-07-28', '2011-08-12', 'KOS '),
	(128, '05', '800', NULL, 'IVA', 111, 104, 'A', 5000086, '2008-02-13', 1016, '2011-09-14', '2011-09-14', 'DODEKANISOU '),
	(129, '06', '620', NULL, 'IVA', 111, 104, 'A', 5000086, '2008-02-13', 1016, '2008-07-28', '2011-09-14', 'SERRES '),
	(130, '07', '600', NULL, 'IVA', 111, 104, 'A', 5000086, '2008-02-21', 1016, '2008-07-28', '2011-09-14', 'KAVALA'),
	(131, '08', '590', NULL, 'IVA', 111, 104, 'A', 5000086, '2008-02-21', 1016, '2008-07-28', '2011-09-14', 'IMATHIA'),
	(132, '01', '01014', NULL, 'IVA', 54, 26, 'A', 5000146, '2008-02-29', 1252, '2008-02-29', NULL, 'SÃO PAULO'),
	(133, '01', 'AD500', NULL, 'IVA', 26, 11, 'A', 5000086, '2008-03-06', 184, '2008-04-08', NULL, 'ANDORRA LA VELLA'),
	(134, '02', 'AD100', NULL, 'IVA', 26, 11, 'A', 5000086, '2008-03-06', 184, '2008-03-06', NULL, 'CANILLO'),
	(135, '03', 'AD200', NULL, 'IVA', 26, 11, 'A', 5000086, '2008-03-06', 184, '2008-03-06', NULL, 'ENCAMP'),
	(136, '04', 'AD400', NULL, 'IVA', 26, 11, 'A', 5000086, '2008-03-06', 184, '2008-03-06', NULL, 'ORDINO'),
	(137, '05', 'AD400', NULL, 'IVA', 26, 11, 'A', 5000086, '2008-03-06', 184, '2008-03-06', NULL, 'LA MASSANA'),
	(138, '06', 'AD600', NULL, 'IVA', 26, 11, 'A', 5000086, '2008-03-06', 184, '2008-03-06', NULL, 'SANT JULIA DE LORIA'),
	(139, '07', 'AD700', NULL, 'IVA', 26, 11, 'A', 5000086, '2008-03-06', 184, '2008-03-06', NULL, 'ESCALDES-ENGORDANY'),
	(140, '109', '161', NULL, 'IVA', 111, 104, 'A', 5000086, '2008-03-28', 1016, '2011-09-14', NULL, 'ATHENS'),
	(141, '08', 'AD500', NULL, 'IVA', 26, 11, 'I', 5000086, '2008-04-07', 184, '2008-04-07', '2008-04-08', 'SANTA COLOMA'),
	(142, '10', '800', NULL, 'IVA', 111, 104, 'A', 5000086, '2008-05-07', 1016, '2008-05-07', '2011-09-14', 'LESVOS'),
	(143, '11', '400', NULL, 'IVA', 111, 104, 'A', 5000086, '2008-05-07', 1016, '2008-05-07', '2011-09-14', 'LARISA'),
	(144, '12', '680', NULL, 'IVA', 111, 104, 'A', 5000086, '2008-05-13', 1016, '2011-09-14', '2011-09-14', 'EVROS'),
	(145, '13', '380 ', NULL, 'IVA', 111, 104, 'A', 5000086, '2008-05-21', 1016, '2008-05-21', '2011-09-14', 'MAGNESIA'),
	(146, '14', '190', NULL, 'IVA', 111, 104, 'A', 5000086, '2008-06-04', 1016, '2011-09-14', '2011-09-14', 'ATTICA'),
	(147, '15', '190', NULL, 'IVA', 111, 104, 'A', 5000086, '2008-06-13', 1016, '2011-09-14', '2011-09-14', 'ATTIKI'),
	(148, '16', '531', NULL, 'IVA', 111, 104, 'A', 5000086, '2008-06-13', 1016, '2008-06-13', '2011-09-14', 'FLORINA'),
	(149, '01', '64121', '64121', 'IVA', 97, 2, 'A', 5000193, '2008-06-13', 897, '2008-06-13', NULL, 'MONTARDON'),
	(150, '17', '844', NULL, 'IVA', 111, 104, 'A', 5000086, '2008-07-01', 1016, '2008-07-01', '2011-09-14', 'PAROS'),
	(151, '18', '840', NULL, 'IVA', 111, 104, 'A', 5000086, '2008-07-10', 1016, '2008-07-28', '2011-09-14', 'PIRGOS SANTORINIS SANTOWINES'),
	(152, '19', '502', NULL, 'IVA', 111, 104, 'A', 5000086, '2008-07-28', 1016, '2008-07-28', '2011-09-14', 'KOZANI'),
	(153, '20', '630', NULL, 'IVA', 111, 104, 'A', 5000086, '2008-07-28', 1016, '2011-09-14', '2011-09-14', 'CHALKIDIKI'),
	(155, '155', NULL, NULL, NULL, 54, 26, 'A', 5000789, '2008-08-27', 1, '2008-08-27', NULL, 'MATO GROSSO DO SUL'),
	(156, '156', NULL, NULL, NULL, 54, 26, 'A', 5000789, '2008-08-27', 1, '2008-08-27', NULL, 'RIO DE JANEIRO'),
	(157, '157', NULL, NULL, NULL, 54, 26, 'A', 5000789, '2008-08-27', 1, '2008-08-27', NULL, 'RIO GRANDE DO NORTE'),
	(158, '158', NULL, NULL, NULL, 54, 26, 'A', 5000789, '2008-08-27', 1, '2008-08-27', '2011-04-12', 'SANTE CATARINA'),
	(159, '159', NULL, NULL, NULL, 54, 26, 'A', 5000789, '2008-08-27', 1, '2008-08-27', NULL, 'DISTRITO FEDERAL'),
	(160, '160', NULL, NULL, NULL, 54, 26, 'A', 5000789, '2008-08-27', 1, '2008-08-27', NULL, 'GOIÁS'),
	(161, '161', NULL, NULL, NULL, 54, 26, 'A', 5000789, '2008-08-27', 1, '2008-08-27', NULL, 'MATO GROSSO'),
	(162, '162', NULL, NULL, NULL, 54, 26, 'A', 5000789, '2008-08-27', 1, '2008-08-27', NULL, 'PIAUÍ'),
	(163, '163', NULL, NULL, NULL, 54, 26, 'A', 5000789, '2008-08-27', 1, '2008-08-27', NULL, 'SERGIPE'),
	(164, '164', NULL, NULL, NULL, 54, 26, 'A', 5000789, '2008-08-27', 1, '2008-08-27', NULL, 'AMAZONAS'),
	(165, '165', NULL, NULL, NULL, 54, 26, 'A', 5000789, '2008-08-27', 1, '2008-08-27', NULL, 'RONDÔNIA'),
	(166, '166', NULL, NULL, NULL, 54, 26, 'A', 5000789, '2008-08-27', 1, '2008-08-27', NULL, 'CEARÁ'),
	(167, '167', NULL, NULL, NULL, 54, 26, 'A', 5000789, '2008-08-27', 1, '2008-08-27', NULL, 'MINAS GERAIS'),
	(168, '168', NULL, NULL, NULL, 54, 26, 'A', 5000789, '2008-08-27', 1, '2008-08-27', NULL, 'PARANÁ'),
	(169, '169', NULL, NULL, NULL, 54, 26, 'A', 5000789, '2008-08-27', 1, '2008-08-27', NULL, 'RIO GRANDE DO SUL'),
	(170, '170', NULL, NULL, NULL, 54, 26, 'A', 5000789, '2008-08-27', 1, '2008-08-27', NULL, 'TOCANTINS'),
	(171, '171', NULL, NULL, NULL, 54, 26, 'A', 5000789, '2008-08-27', 1, '2008-08-27', NULL, 'BAHIA'),
	(172, '172', NULL, NULL, NULL, 54, 26, 'A', 5000789, '2008-08-27', 1, '2008-08-27', NULL, 'AMAPÁ'),
	(173, '173', NULL, NULL, NULL, 54, 26, 'A', 5000789, '2008-08-27', 1, '2008-08-27', NULL, 'MARANHÃO'),
	(174, '174', NULL, NULL, NULL, 54, 26, 'A', 5000789, '2008-08-27', 1, '2008-08-27', NULL, 'PARÁ'),
	(175, '175', NULL, NULL, NULL, 54, 26, 'A', 5000789, '2008-08-27', 1, '2008-08-27', NULL, 'RORAIMA'),
	(176, '176', NULL, NULL, NULL, 54, 26, 'A', 5000789, '2008-08-27', 1, '2008-08-27', NULL, 'ACRE'),
	(177, '177', NULL, NULL, NULL, 54, 26, 'A', 5000789, '2008-08-27', 1, '2008-08-27', NULL, 'ESPÍRITO SANTO'),
	(178, '178', NULL, NULL, NULL, 54, 26, 'A', 5000789, '2008-08-27', 1, '2008-08-27', NULL, 'ALAGOAS'),
	(179, '179', NULL, NULL, NULL, 54, 26, 'A', 5000789, '2008-08-27', 1, '2008-08-27', NULL, 'PERNAMBUCO'),
	(180, '180', NULL, NULL, NULL, 54, 26, 'A', 5000789, '2008-08-27', 1, '2008-08-27', NULL, 'PARAÍBA'),
	(181, '181', NULL, NULL, NULL, 54, 26, 'A', 5000789, '2008-08-27', 1, '2008-08-27', NULL, 'SANTA CATARINA'),
	(182, '02', '79000', '79000', 'IVA', 97, 2, 'A', 5000193, '2009-01-02', 897, '2009-01-02', NULL, 'POITOU'),
	(183, '02', '20000', NULL, 'IVA', 131, 108, 'A', 5000086, '2009-02-10', 184, '2009-02-10', NULL, 'MILANO'),
	(184, '01', '383', NULL, 'IVA', 110, 11, 'A', 5000086, '2009-03-23', 184, '2009-03-23', NULL, 'MALABO'),
	(185, '01', '01000', NULL, 'IVA', 193, 11, 'A', 5000193, '2009-04-20', 897, '2009-04-20', NULL, 'LIMA'),
	(186, '03', '40700', '40700', 'IVA', 97, 2, 'A', 5000193, '2009-06-24', 897, '2009-06-24', NULL, 'SAINT CRICQ CHALOSSE'),
	(187, '04', '64700', '64700', 'IVA', 97, 2, 'A', 5000193, '2009-06-26', 897, '2009-06-26', NULL, 'HENDAYA'),
	(188, '05', '35500', '35500', 'IVA', 97, 2, 'A', 5000299, '2009-08-12', 184, '2009-10-06', NULL, 'L\'ILLE-ET-VILANIE'),
	(189, '04', 'GL205PX', NULL, 'IVA', 100, 1, 'A', 5000193, '2009-08-28', 897, '2009-08-28', NULL, 'GLOUCESTERSHIRE'),
	(194, '02', '1030', '1030', 'IVA', 45, 11, 'A', 5000193, '2009-09-18', 897, '2009-09-18', NULL, 'BRUSELAS'),
	(195, '02', '6280', '6280', 'IVA', 66, 2, 'A', 5000193, '2009-10-05', 184, '2010-02-23', NULL, 'LUZERNA'),
	(196, '03', '00136', '00136', 'IVA', 131, 108, 'A', 5000193, '2009-10-05', 897, '2009-10-05', NULL, 'ROMA'),
	(197, '06', '75013', '75013', 'IVA', 97, 2, 'A', 5000299, '2009-10-19', 1114, '2009-10-19', NULL, 'ÎLLE-DE-FRANCE'),
	(198, '01', '10205', NULL, 'IVA', 83, 11, 'A', 5000087, '2009-11-11', 186, '2009-11-11', NULL, 'SANTO DOMINGO'),
	(199, '01', '215400', NULL, 'IVA', 208, 111, 'A', 5000086, '2009-11-11', 184, '2009-11-11', NULL, 'ROVINARI'),
	(200, '01', '61295', '61295', 'IVA', 198, 110, 'A', 5000299, '2009-11-12', 1114, '2009-11-12', NULL, 'WIELKOPOLSKA'),
	(201, '01', '1210', '1210', 'IVA', 254, 29, 'A', 5000440, '2009-11-25', 1887, '2009-11-25', NULL, 'CRISTOBAL ROJAS, ESTADO MIRANDA'),
	(202, '02', '1060', '1060', 'IVA', 254, 29, 'A', 5000440, '2009-11-25', 1887, '2009-11-25', NULL, 'CARACAS'),
	(203, '01', '3000AA', '3099ZZ', 'IVA', 185, 6, 'A', 5000086, '2009-12-02', 184, '2009-12-02', NULL, 'ROTTERDAM'),
	(204, '01', '01000', NULL, 'IVA', 124, 1, 'A', 5000193, '2009-12-28', 897, '2009-12-28', NULL, 'DUBLIN'),
	(205, '01', '01000', NULL, 'IVA', 158, 8, 'A', 5000193, '2009-12-28', 897, '2009-12-28', NULL, 'RABAT'),
	(206, '100', '100000', NULL, 'IVA', 71, 14, 'A', 5000261, '2010-01-08', 186, '2012-01-18', NULL, 'Beijing'),
	(207, '01', 'LV-3000', NULL, 'IVA', 155, 109, 'A', 5000086, '2010-02-11', 184, '2010-02-11', NULL, 'LIEPAJA'),
	(208, '03', '8000', NULL, 'IVA', 66, 2, 'A', 5000086, '2010-02-23', 184, '2010-02-23', NULL, 'BERINGEN'),
	(210, '04', '51000', NULL, 'IVA', 131, 108, 'A', 5000086, '2010-03-26', 184, '2010-03-26', NULL, 'BORGO A BUGGIANO'),
	(211, '05', 'RH10 7AD', NULL, 'IVA', 100, 1, 'A', 5000193, '2010-04-30', 897, '2010-04-30', NULL, 'CRAWLEY (WEST SUSSEX)'),
	(215, '06', 'RH107AD', 'RH107AD', 'IVA', 100, 1, 'I', 5000193, '2010-04-30', 897, '2010-04-30', '2011-08-12', 'CRAWLEY'),
	(216, '07', '35310', '35310', 'IVA', 97, 2, 'A', 5000087, '2010-05-07', 186, '2010-05-07', NULL, 'MONTFORT'),
	(217, '200', '200041', NULL, 'IVA', 71, 117, 'A', 5000367, '2010-05-25', 1575, '2010-05-25', NULL, 'Shanghai'),
	(218, '02', '60528', NULL, 'IVA', 79, 4, 'A', 5000193, '2010-06-21', 897, '2010-06-21', NULL, 'FRANKFURT'),
	(219, '000', NULL, NULL, 'IVA', 72, 11, 'I', 5000087, '2010-08-10', 5000618, '2017-03-17', NULL, 'Cundinamarca'),
	(220, '08', '75010', NULL, 'IVA', 97, 2, 'A', 5000606, '2010-08-24', 2259, '2010-08-24', NULL, 'PARIS'),
	(221, '02', NULL, NULL, 'IVA', 208, 111, 'A', 5000299, '2010-08-30', 1114, '2010-08-30', NULL, 'BUCAREST'),
	(222, '02', '31/529', '31/529', 'IVA', 198, 110, 'A', 5000299, '2010-09-17', 1114, '2010-09-17', NULL, 'KRAKOW'),
	(224, '20', NULL, NULL, 'IVA', 203, 18, 'I', 5000299, '2010-10-06', 294, '2011-08-10', '2011-08-12', 'BARBACENA'),
	(226, '09', '01200', '01200', 'IVA', 97, 3, 'A', 5000086, '2010-10-19', 184, '2010-10-19', NULL, 'PREGUESSIN-NOENS'),
	(231, '10', '67000', '67000', 'IVA', 97, 2, 'A', 5000440, '2010-10-26', 1887, '2010-10-26', NULL, 'ESTRASBURGO'),
	(232, '01', '7000', '7000', 'IVA', 36, 29, 'A', 5000086, '2010-10-27', 184, '2010-10-27', NULL, 'BUENOS AIRES'),
	(233, '01', NULL, NULL, 'IVA', 85, 29, 'A', 5000299, '2010-11-29', 1114, '2010-11-29', NULL, 'PICHINCHA'),
	(234, '01', '0152', NULL, 'IVA', 186, 10, 'A', 5000299, '2010-12-17', 5000086, '2017-05-24', NULL, 'OSLO'),
	(236, '07', 'BN3 4PP', NULL, 'IVA', 100, 1, 'A', 5000086, '2010-12-23', 184, '2010-12-23', NULL, 'EAST SUSSEX'),
	(262, '02', '37000', NULL, 'IVA', 249, 11, 'A', 5000261, '2011-02-22', 1016, '2011-02-22', NULL, 'TENNESSEE'),
	(270, '03', '60000', '60000', 'IVA', 249, 1, 'A', 79661, '2011-03-07', 682, '2011-03-07', NULL, 'ILLINOIS'),
	(271, '02', NULL, NULL, 'IVA', 85, 29, 'A', 5000087, '2011-04-04', 186, '2011-04-04', NULL, 'TUNGURAHUA'),
	(272, '03', NULL, NULL, 'IVA', 85, 29, 'A', 5000087, '2011-04-04', 186, '2011-04-04', NULL, 'IMBABURA'),
	(273, '03', '14000', NULL, 'IVA', 79, 4, 'A', 5000086, '2011-04-07', 184, '2011-04-07', NULL, 'BERLIN'),
	(274, '01', NULL, NULL, 'IVA', 72, 11, 'I', 5000789, '2011-05-04', 5000618, '2017-03-17', NULL, 'ARMENIA'),
	(275, '02', NULL, NULL, 'IVA', 72, 11, 'I', 5000789, '2011-05-04', 5000618, '2017-03-17', NULL, 'BARRANCABERMEJA'),
	(276, '03', '080006', NULL, 'IVA', 72, 11, 'A', 5000789, '2011-05-04', 5000358, '2019-06-05', NULL, 'BARRANQUILLA'),
	(277, '04', NULL, NULL, 'IVA', 72, 11, 'I', 5000789, '2011-05-04', 5000618, '2017-03-17', NULL, 'BELLO'),
	(278, '05', NULL, NULL, 'IVA', 72, 11, 'I', 5000789, '2011-05-04', 5000618, '2017-03-17', NULL, 'BOGOTÁ'),
	(279, '06', NULL, NULL, 'IVA', 72, 11, 'I', 5000789, '2011-05-04', 5000618, '2017-03-17', NULL, 'BUCARAMANGA'),
	(280, '07', NULL, NULL, 'IVA', 72, 11, 'I', 5000789, '2011-05-04', 5000618, '2017-03-17', NULL, 'BUENAVENTURA'),
	(281, '08', NULL, NULL, 'IVA', 72, 11, 'I', 5000789, '2011-05-04', 5000618, '2017-03-17', NULL, 'BUGA'),
	(282, '09', NULL, NULL, 'IVA', 72, 11, 'I', 5000789, '2011-05-04', 5000618, '2017-03-17', NULL, 'CAJICÁ'),
	(283, '10', NULL, NULL, 'IVA', 72, 11, 'I', 5000789, '2011-05-04', 5000618, '2017-03-17', NULL, 'CALI'),
	(284, '11', NULL, NULL, 'IVA', 72, 11, 'I', 5000789, '2011-05-04', 5000618, '2017-03-17', NULL, 'CARTAGENA'),
	(285, '12', NULL, NULL, 'IVA', 72, 11, 'I', 5000789, '2011-05-04', 5000618, '2017-03-17', NULL, 'CARTAGO'),
	(286, '13', NULL, NULL, 'IVA', 72, 11, 'I', 5000789, '2011-05-04', 5000618, '2017-03-17', NULL, 'CÚCUTA'),
	(287, '14', NULL, NULL, 'IVA', 72, 11, 'I', 5000789, '2011-05-04', 5000618, '2017-03-17', NULL, 'DOS QUEBRADAS'),
	(288, '15', NULL, NULL, 'IVA', 72, 11, 'I', 5000789, '2011-05-04', 5000618, '2017-03-17', NULL, 'ENVIGADO'),
	(289, '16', NULL, NULL, 'IVA', 72, 11, 'I', 5000789, '2011-05-04', 5000618, '2017-03-17', NULL, 'FLORENCIA'),
	(290, '17', NULL, NULL, 'IVA', 72, 11, 'I', 5000789, '2011-05-04', 5000618, '2017-03-17', NULL, 'FLORIDABLANCA'),
	(291, '18', NULL, NULL, 'IVA', 72, 11, 'I', 5000789, '2011-05-04', 5000618, '2017-03-17', NULL, 'GIRARDOT'),
	(292, '19', NULL, NULL, 'IVA', 72, 11, 'I', 5000789, '2011-05-04', 5000618, '2017-03-17', NULL, 'GIRON'),
	(293, '20', NULL, NULL, 'IVA', 72, 11, 'I', 5000789, '2011-05-04', 5000618, '2017-03-17', NULL, 'IBAGUÉ'),
	(294, '21', NULL, NULL, 'IVA', 72, 11, 'I', 5000789, '2011-05-04', 5000618, '2017-03-17', NULL, 'ITAGÜÍ'),
	(295, '22', NULL, NULL, 'IVA', 72, 11, 'I', 5000789, '2011-05-04', 5000618, '2017-03-17', NULL, 'MAICAO'),
	(296, '23', NULL, NULL, 'IVA', 72, 11, 'I', 5000789, '2011-05-04', 5000618, '2017-03-17', NULL, 'MANIZALES'),
	(297, '24', NULL, NULL, 'IVA', 72, 11, 'I', 5000789, '2011-05-04', 5000618, '2017-03-17', NULL, 'MEDELLÍN'),
	(298, '25', NULL, NULL, 'IVA', 72, 11, 'I', 5000789, '2011-05-04', 5000618, '2017-03-17', NULL, 'MONTERÍA'),
	(299, '26', NULL, NULL, 'IVA', 72, 11, 'I', 5000789, '2011-05-04', 5000618, '2017-03-17', NULL, 'NEIVA'),
	(300, '27', NULL, NULL, 'IVA', 72, 11, 'I', 5000789, '2011-05-04', 5000618, '2017-03-17', NULL, 'PALMIRA'),
	(301, '28', NULL, NULL, 'IVA', 72, 11, 'I', 5000789, '2011-05-04', 5000618, '2017-03-17', NULL, 'PASTO'),
	(302, '29', NULL, NULL, 'IVA', 72, 11, 'I', 5000789, '2011-05-04', 5000618, '2017-03-17', NULL, 'PEREIRA'),
	(303, '30', NULL, NULL, 'IVA', 72, 11, 'I', 5000789, '2011-05-04', 5000618, '2017-03-17', NULL, 'POPAYÁN'),
	(304, '31', NULL, NULL, 'IVA', 72, 11, 'I', 5000789, '2011-05-04', 5000618, '2017-03-17', NULL, 'SANTA MARTA'),
	(305, '32', NULL, NULL, 'IVA', 72, 11, 'I', 5000789, '2011-05-04', 5000618, '2017-03-17', NULL, 'SINCELEJO'),
	(306, '33', NULL, NULL, 'IVA', 72, 11, 'I', 5000789, '2011-05-04', 5000618, '2017-03-17', NULL, 'SOACHA'),
	(307, '34', NULL, NULL, 'IVA', 72, 11, 'I', 5000789, '2011-05-04', 5000618, '2017-03-17', NULL, 'SOGAMOSO'),
	(308, '35', NULL, NULL, 'IVA', 72, 11, 'I', 5000789, '2011-05-04', 5000618, '2017-03-17', NULL, 'SOLEDAD'),
	(309, '36', NULL, NULL, 'IVA', 72, 11, 'I', 5000789, '2011-05-04', 5000618, '2017-03-17', NULL, 'TULUÁ'),
	(310, '37', NULL, NULL, 'IVA', 72, 11, 'I', 5000789, '2011-05-04', 5000618, '2017-03-17', NULL, 'TUNJA'),
	(311, '38', NULL, NULL, 'IVA', 72, 11, 'I', 5000789, '2011-05-04', 5000618, '2017-03-17', NULL, 'VALLEDUPAR'),
	(312, '39', NULL, NULL, 'IVA', 72, 11, 'I', 5000789, '2011-05-04', 5000618, '2017-03-17', NULL, 'VILLAVICENCIO'),
	(319, '08', 'MK 10 9', NULL, 'IVA', 100, 1, 'A', 5000087, '2011-05-23', 186, '2011-05-23', NULL, 'BUCKINGHAMSHIRE'),
	(320, '732', '160-0004', NULL, 'IVA', 134, 15, 'A', 5000606, '2011-06-23', 2259, '2011-06-23', NULL, 'TOKIO'),
	(321, '01', '12345', NULL, 'IVA', 258, 11, 'A', 5000087, '2011-08-01', 186, '2011-08-01', NULL, 'VALPARAISO'),
	(322, '01', '420', '420', 'IVA', 115, 11, 'A', 5000087, '2011-08-05', 186, '2011-08-05', NULL, 'GUINEA BISSAU'),
	(323, '11', NULL, NULL, 'IVA', 97, 2, 'A', 5000299, '2011-09-23', 1114, '2011-09-23', NULL, 'AUVERGNE'),
	(324, '04', NULL, NULL, 'IVA', 79, 4, 'A', 5000299, '2011-10-28', 1114, '2011-10-28', NULL, 'HAMBURGO'),
	(325, '1', '889', NULL, 'IVA', 154, 11, 'A', 5000087, '2011-11-15', 186, '2011-11-15', NULL, 'LUXEMBURGO'),
	(326, '04', NULL, NULL, 'IVA', 249, 11, 'A', 5000087, '2011-12-27', 186, '2011-12-27', NULL, 'MIAMI'),
	(332, '234', '234', NULL, 'IVA', 69, 11, 'A', 5000087, '2012-01-18', 186, '2012-01-18', NULL, 'VALPARAISO'),
	(333, '1', '53100', NULL, 'IVA', 176, 11, 'I', 5000087, '2012-01-23', 5000618, '2017-03-17', NULL, 'Estado de México'),
	(334, '03', '19318166', NULL, 'IVA', 254, 29, 'A', 5000087, '2012-01-27', 186, '2012-01-27', NULL, 'NUEVA ESPARTA'),
	(335, '05', '57123', NULL, 'IVA', 131, 108, 'A', 5000299, '2012-01-31', 1114, '2012-01-31', NULL, 'TOSCANA'),
	(336, '12', '09300', '09300', 'IVA', 97, 2, 'A', 5000193, '2012-02-06', 897, '2012-02-06', NULL, 'ARIEGE'),
	(337, '1', 'NL', NULL, 'IVA', 61, 3, 'A', 5000261, '2012-07-03', 1016, '2012-07-03', NULL, 'Terranova y Labrador'),
	(338, '13', '66000', '66999', 'IVA', 97, 2, 'A', 5000188, '2012-10-02', 155, '2012-10-02', NULL, 'PYRENEES-ORIENTALES'),
	(339, '2', '89506', NULL, 'IVA', 176, 11, 'I', 5000087, '2012-10-05', 5000618, '2017-03-17', NULL, 'TAMAULIPAS'),
	(340, '3', '89336', NULL, 'IVA', 176, 11, 'I', 5000087, '2012-10-08', 5000618, '2017-03-16', NULL, 'TAMPICO TAMULIPAS'),
	(341, '4', '11570', NULL, 'IVA', 176, 11, 'I', 5000087, '2012-11-21', 5000618, '2017-03-17', NULL, 'MÉXICO D.F.'),
	(342, '02', NULL, NULL, 'IVA', 47, 101, 'A', 5000087, '2013-01-15', 186, '2013-01-15', NULL, 'VARNA'),
	(343, '05', NULL, NULL, 'IVA', 249, 11, 'A', 5000087, '2013-01-25', 186, '2013-01-25', NULL, 'TEXAS'),
	(344, '5', '44670', '44670', 'IVA', 176, 11, 'I', 15453833, '2013-01-28', 5000618, '2017-03-17', NULL, 'JALISCO'),
	(345, '1', '71000', NULL, 'IVA', 42, 11, 'A', 5000188, '2013-01-28', 155, '2013-01-28', NULL, 'SARAJEVO'),
	(346, '02', '01000', NULL, 'IVA', 124, 1, 'A', 5000086, '2013-01-31', 184, '2013-01-31', NULL, 'KILDARE'),
	(347, '03', '42-120', '42-120', 'IVA', 198, 110, 'A', 5000086, '2013-02-28', 184, '2013-02-28', NULL, 'SILESIA'),
	(348, '09', 'GX11 1aa', NULL, 'IVA', 100, 1, 'A', 5000188, '2013-04-18', 155, '2013-04-18', NULL, 'GIBRALTAR'),
	(349, 'VG', '413 16', '413 16', 'IVA', 215, 13, 'A', 15453833, '2013-04-30', 2731, '2013-04-30', NULL, 'VÄSTRA GÖTALANDS'),
	(350, '01', '22000', '22000', 'IVA', 84, 2, 'A', 5000086, '2013-05-28', 184, '2013-05-30', NULL, 'SID BEL ABBES'),
	(356, '6', '67174', NULL, 'IVA', 176, 11, 'I', 5000296, '2013-08-28', 5000618, '2017-03-17', NULL, 'MONTERREY'),
	(357, '14', '69200', '69259', 'IVA', 97, 2, 'A', 5000086, '2013-09-05', 184, '2013-09-05', NULL, 'LYON'),
	(358, '15', '35000', '35000', 'IVA', 97, 2, 'A', 5000086, '2013-11-26', 184, '2013-11-26', NULL, 'RENNES'),
	(359, '04', '2006', '2006', 'IVA', 254, 29, 'A', 5000296, '2014-07-28', 5000086, '2017-02-23', NULL, 'CARABOBO'),
	(360, '05', '2123', '2123', 'IVA', 254, 29, 'A', 5000188, '2014-08-21', 1014, '2014-08-21', NULL, 'BARQUISIMETO EDO LARA'),
	(361, '05', '80000', NULL, 'IVA', 79, 4, 'A', 5000086, '2014-09-22', 184, '2014-09-22', NULL, 'MUNICH'),
	(367, 'R01', '99001', NULL, 'IVA', 83, 11, 'A', 5000789, '2014-09-29', 1, '2014-09-29', NULL, 'AZUA'),
	(368, 'R02', '99002', NULL, 'IVA', 83, 11, 'A', 5000789, '2014-09-29', 1, '2014-09-29', NULL, 'BAORUCO'),
	(369, 'R03', '99003', NULL, 'IVA', 83, 11, 'A', 5000789, '2014-09-29', 1, '2014-09-29', NULL, 'BARAHONA'),
	(370, 'R04', '99004', NULL, 'IVA', 83, 11, 'A', 5000789, '2014-09-29', 1, '2014-09-29', NULL, 'DAJABON'),
	(371, 'R05', '99005', NULL, 'IVA', 83, 11, 'A', 5000789, '2014-09-29', 1, '2014-09-29', NULL, 'DISTRITO NACIONAL'),
	(372, 'R06', '99006', NULL, 'IVA', 83, 11, 'A', 5000789, '2014-09-29', 1, '2014-09-29', NULL, 'DUARTE'),
	(373, 'R07', '99007', NULL, 'IVA', 83, 11, 'A', 5000789, '2014-09-29', 1, '2014-09-29', NULL, 'EL SEIBO'),
	(374, 'R08', '99008', NULL, 'IVA', 83, 11, 'A', 5000789, '2014-09-29', 1, '2014-09-29', NULL, 'ELIAS PINA'),
	(375, 'R09', '99009', NULL, 'IVA', 83, 11, 'A', 5000789, '2014-09-29', 1, '2014-09-29', NULL, 'ESPAILLAT'),
	(376, 'R10', '99010', NULL, 'IVA', 83, 11, 'A', 5000789, '2014-09-29', 1, '2014-09-29', NULL, 'HATO MAYOR'),
	(377, 'R11', '99011', NULL, 'IVA', 83, 11, 'A', 5000789, '2014-09-29', 1, '2014-09-29', NULL, 'INDEPENDENCIA'),
	(378, 'R12', '99012', NULL, 'IVA', 83, 11, 'A', 5000789, '2014-09-29', 1, '2014-09-29', NULL, 'LA ALTAGRACIA'),
	(379, 'R13', '99013', NULL, 'IVA', 83, 11, 'A', 5000789, '2014-09-29', 1, '2014-09-29', NULL, 'LA ROMANA'),
	(380, 'R14', '99014', NULL, 'IVA', 83, 11, 'A', 5000789, '2014-09-29', 1, '2014-09-29', NULL, 'LA VEGA'),
	(381, 'R15', '99015', NULL, 'IVA', 83, 11, 'A', 5000789, '2014-09-29', 1, '2014-09-29', NULL, 'MARIA TRINIDAD SANCHEZ'),
	(382, 'R16', '99016', NULL, 'IVA', 83, 11, 'A', 5000789, '2014-09-29', 1, '2014-09-29', NULL, 'MONSENOR NOUEL'),
	(383, 'R17', '99017', NULL, 'IVA', 83, 11, 'A', 5000789, '2014-09-29', 1, '2014-09-29', NULL, 'MONTE CRISTI'),
	(384, 'R18', '99018', NULL, 'IVA', 83, 11, 'A', 5000789, '2014-09-29', 1, '2014-09-29', NULL, 'MONTE PLATA'),
	(385, 'R19', '99019', NULL, 'IVA', 83, 11, 'A', 5000789, '2014-09-29', 1, '2014-09-29', NULL, 'PEDERNALES'),
	(386, 'R20', '99020', NULL, 'IVA', 83, 11, 'A', 5000789, '2014-09-29', 1, '2014-09-29', NULL, 'PERAVIA'),
	(387, 'R21', '99021', NULL, 'IVA', 83, 11, 'A', 5000789, '2014-09-29', 1, '2014-09-29', NULL, 'PUERTO PLATA'),
	(388, 'R22', '99022', NULL, 'IVA', 83, 11, 'A', 5000789, '2014-09-29', 1, '2014-09-29', NULL, 'REPUBLICA DOMINICANA'),
	(389, 'R23', '99023', NULL, 'IVA', 83, 11, 'A', 5000789, '2014-09-29', 1, '2014-09-29', NULL, 'SALCEDO'),
	(390, 'R24', '99024', NULL, 'IVA', 83, 11, 'A', 5000789, '2014-09-29', 1, '2014-09-29', NULL, 'SAMANA'),
	(391, 'R25', '99025', NULL, 'IVA', 83, 11, 'A', 5000789, '2014-09-29', 1, '2014-09-29', NULL, 'SAN CRISTOBAL'),
	(392, 'R26', '99026', NULL, 'IVA', 83, 11, 'A', 5000789, '2014-09-29', 1, '2014-09-29', NULL, 'SAN JUAN'),
	(393, 'R27', '99027', NULL, 'IVA', 83, 11, 'A', 5000789, '2014-09-29', 1, '2014-09-29', NULL, 'SAN PEDRO DE MACORIS'),
	(394, 'R28', '99028', NULL, 'IVA', 83, 11, 'A', 5000789, '2014-09-29', 1, '2014-09-29', NULL, 'SANCHEZ RAMIREZ'),
	(395, 'R29', '99029', NULL, 'IVA', 83, 11, 'A', 5000789, '2014-09-29', 1, '2014-09-29', NULL, 'SANTIAGO'),
	(396, 'R30', '99030', NULL, 'IVA', 83, 11, 'A', 5000789, '2014-09-29', 1, '2014-09-29', NULL, 'SANTIAGO RODRIGUEZ'),
	(397, 'R31', '99031', NULL, 'IVA', 83, 11, 'A', 5000789, '2014-09-29', 1, '2014-09-29', NULL, 'VALVERDE'),
	(398, 'P01', '98001', NULL, 'IVA', 193, 11, 'A', 5000789, '2014-09-29', 1, '2014-09-29', NULL, 'PERÚ'),
	(399, 'P02', '98002', NULL, 'IVA', 193, 11, 'A', 5000789, '2014-09-29', 1, '2014-09-29', NULL, 'AMAZONAS'),
	(400, 'P03', '98003', NULL, 'IVA', 193, 11, 'A', 5000789, '2014-09-29', 1, '2014-09-29', NULL, 'ANCASH'),
	(401, 'P04', '98004', NULL, 'IVA', 193, 11, 'A', 5000789, '2014-09-29', 1, '2014-09-29', NULL, 'APURÍMAC'),
	(402, 'P05', '98005', NULL, 'IVA', 193, 11, 'A', 5000789, '2014-09-29', 1, '2014-09-29', NULL, 'AREQUIPA'),
	(403, 'P06', '98006', NULL, 'IVA', 193, 11, 'A', 5000789, '2014-09-29', 1, '2014-09-29', NULL, 'AYACUCHO'),
	(404, 'P07', '98007', NULL, 'IVA', 193, 11, 'A', 5000789, '2014-09-29', 1, '2014-09-29', NULL, 'CAJAMARCA'),
	(405, 'P08', '98008', NULL, 'IVA', 193, 11, 'A', 5000789, '2014-09-29', 1, '2014-09-29', NULL, 'CALLAO'),
	(406, 'P09', '98009', NULL, 'IVA', 193, 11, 'A', 5000789, '2014-09-29', 1, '2014-09-29', NULL, 'CUSCO'),
	(407, 'P10', '98010', NULL, 'IVA', 193, 11, 'A', 5000789, '2014-09-29', 1, '2014-09-29', NULL, 'HUANCAVELICA'),
	(408, 'P11', '98011', NULL, 'IVA', 193, 11, 'A', 5000789, '2014-09-29', 1, '2014-09-29', NULL, 'HUÁNUCO'),
	(409, 'P12', '98012', NULL, 'IVA', 193, 11, 'A', 5000789, '2014-09-29', 1, '2014-09-29', NULL, 'ICA'),
	(410, 'P13', '98013', NULL, 'IVA', 193, 11, 'A', 5000789, '2014-09-29', 1, '2014-09-29', NULL, 'JUNÍN'),
	(411, 'P14', '98014', NULL, 'IVA', 193, 11, 'A', 5000789, '2014-09-29', 1, '2014-09-29', NULL, 'LA LIBERTAD'),
	(412, 'P15', '98015', NULL, 'IVA', 193, 11, 'A', 5000789, '2014-09-29', 1, '2014-09-29', NULL, 'LAMBAYEQUE'),
	(413, 'P16', '98016', NULL, 'IVA', 193, 11, 'A', 5000789, '2014-09-29', 1, '2014-09-29', NULL, 'LIMA'),
	(414, 'P17', '98017', NULL, 'IVA', 193, 11, 'A', 5000789, '2014-09-29', 1, '2014-09-29', NULL, 'LORETO'),
	(415, 'P18', '98018', NULL, 'IVA', 193, 11, 'A', 5000789, '2014-09-29', 1, '2014-09-29', NULL, 'MADRE DE DIOS'),
	(416, 'P19', '98019', NULL, 'IVA', 193, 11, 'A', 5000789, '2014-09-29', 1, '2014-09-29', NULL, 'MOQUEGUA'),
	(417, 'P20', '98020', NULL, 'IVA', 193, 11, 'A', 5000789, '2014-09-29', 1, '2014-09-29', NULL, 'PASCO'),
	(418, 'P21', '98021', NULL, 'IVA', 193, 11, 'A', 5000789, '2014-09-29', 1, '2014-09-29', NULL, 'PIURA'),
	(419, 'P22', '98022', NULL, 'IVA', 193, 11, 'A', 5000789, '2014-09-29', 1, '2014-09-29', NULL, 'PUNO'),
	(420, 'P23', '98023', NULL, 'IVA', 193, 11, 'A', 5000789, '2014-09-29', 1, '2014-09-29', NULL, 'SAN MARTÍN'),
	(421, 'P24', '98024', NULL, 'IVA', 193, 11, 'A', 5000789, '2014-09-29', 1, '2014-09-29', NULL, 'TACNA'),
	(422, 'P25', '98025', NULL, 'IVA', 193, 11, 'A', 5000789, '2014-09-29', 1, '2014-09-29', NULL, 'TUMBES'),
	(423, 'P26', '98026', NULL, 'IVA', 193, 11, 'A', 5000789, '2014-09-29', 1, '2014-09-29', NULL, 'UCAYALI'),
	(424, 'M01', '97001', NULL, 'IVA', 176, 11, 'A', 5000789, '2014-09-29', 1, '2014-09-29', NULL, 'DISTRITO FEDERAL'),
	(425, 'M02', '97002', NULL, 'IVA', 176, 11, 'A', 5000789, '2014-09-29', 1, '2014-09-29', NULL, 'AGUASCALIENTES'),
	(426, 'M03', '97003', NULL, 'IVA', 176, 11, 'A', 5000789, '2014-09-29', 1, '2014-09-29', NULL, 'BAJA CALIFORNIA'),
	(427, 'M04', '97004', NULL, 'IVA', 176, 11, 'A', 5000789, '2014-09-29', 1, '2014-09-29', NULL, 'BAJA CALIFORNIA SUR'),
	(428, 'M05', '97005', NULL, 'IVA', 176, 11, 'A', 5000789, '2014-09-29', 1, '2014-09-29', NULL, 'CAMPECHE'),
	(429, 'M06', '97006', NULL, 'IVA', 176, 11, 'A', 5000789, '2014-09-29', 1, '2014-09-29', NULL, 'CHIAPAS'),
	(430, 'M07', '97007', NULL, 'IVA', 176, 11, 'A', 5000789, '2014-09-29', 1, '2014-09-29', NULL, 'CHIHUAHUA'),
	(431, 'M08', '97008', NULL, 'IVA', 176, 11, 'A', 5000789, '2014-09-29', 1, '2014-09-29', NULL, 'COAHUILA'),
	(432, 'M09', '97009', NULL, 'IVA', 176, 11, 'A', 5000789, '2014-09-29', 1, '2014-09-29', NULL, 'COLIMA'),
	(433, 'M10', '97010', NULL, 'IVA', 176, 11, 'A', 5000789, '2014-09-29', 1, '2014-09-29', NULL, 'DURANGO'),
	(434, 'M11', '97011', NULL, 'IVA', 176, 11, 'A', 5000789, '2014-09-29', 1, '2014-09-29', NULL, 'ESTADO DE MÉXICO'),
	(435, 'M12', '97012', NULL, 'IVA', 176, 11, 'A', 5000789, '2014-09-29', 1, '2014-09-29', NULL, 'GUANAJUATO'),
	(436, 'M13', '97013', NULL, 'IVA', 176, 11, 'A', 5000789, '2014-09-29', 1, '2014-09-29', NULL, 'GUERRERO'),
	(437, 'M14', '97014', NULL, 'IVA', 176, 11, 'A', 5000789, '2014-09-29', 1, '2014-09-29', NULL, 'HIDALGO'),
	(438, 'M15', '97015', NULL, 'IVA', 176, 11, 'A', 5000789, '2014-09-29', 1, '2014-09-29', NULL, 'JALISCO'),
	(439, 'M16', '97016', NULL, 'IVA', 176, 11, 'A', 5000789, '2014-09-29', 1, '2014-09-29', NULL, 'MICHOACÁN'),
	(440, 'M17', '97017', NULL, 'IVA', 176, 11, 'A', 5000789, '2014-09-29', 1, '2014-09-29', NULL, 'MORELOS'),
	(441, 'M18', '97018', NULL, 'IVA', 176, 11, 'A', 5000789, '2014-09-29', 1, '2014-09-29', NULL, 'NAYARIT'),
	(442, 'M19', '97019', NULL, 'IVA', 176, 11, 'A', 5000789, '2014-09-29', 1, '2014-09-29', NULL, 'NUEVO LEÓN'),
	(443, 'M20', '97020', NULL, 'IVA', 176, 11, 'A', 5000789, '2014-09-29', 1, '2014-09-29', NULL, 'OAXACA'),
	(444, 'M21', '97021', NULL, 'IVA', 176, 11, 'A', 5000789, '2014-09-29', 1, '2014-09-29', NULL, 'PUEBLA'),
	(445, 'M22', '97022', NULL, 'IVA', 176, 11, 'A', 5000789, '2014-09-29', 1, '2014-09-29', NULL, 'QUERÉTARO'),
	(446, 'M23', '77539', NULL, 'IVA', 176, 11, 'A', 5000789, '2014-09-29', 5000086, '2018-01-10', NULL, 'QUINTANA ROO'),
	(447, 'M24', '97024', NULL, 'IVA', 176, 11, 'A', 5000789, '2014-09-29', 1, '2014-09-29', NULL, 'SAN LUIS POTOSÍ'),
	(448, 'M25', '97025', NULL, 'IVA', 176, 11, 'A', 5000789, '2014-09-29', 1, '2014-09-29', NULL, 'SINALOA'),
	(449, 'M26', '97026', NULL, 'IVA', 176, 11, 'A', 5000789, '2014-09-29', 1, '2014-09-29', NULL, 'SONORA'),
	(450, 'M27', '97027', NULL, 'IVA', 176, 11, 'A', 5000789, '2014-09-29', 1, '2014-09-29', NULL, 'TABASCO'),
	(451, 'M28', '97028', NULL, 'IVA', 176, 11, 'A', 5000789, '2014-09-29', 1, '2014-09-29', NULL, 'TAMAULIPAS'),
	(452, 'M29', '97029', NULL, 'IVA', 176, 11, 'A', 5000789, '2014-09-29', 1, '2014-09-29', NULL, 'TLAXCALA'),
	(453, 'M30', '97030', NULL, 'IVA', 176, 11, 'A', 5000789, '2014-09-29', 1, '2014-09-29', NULL, 'VERACRUZ'),
	(454, 'M31', '97031', NULL, 'IVA', 176, 11, 'A', 5000789, '2014-09-29', 1, '2014-09-29', NULL, 'YUCATÁN'),
	(455, 'M32', '97032', NULL, 'IVA', 176, 11, 'A', 5000789, '2014-09-29', 1, '2014-09-29', NULL, 'ZACATECAS'),
	(456, 'C01', '96001', NULL, 'IVA', 72, 11, 'A', 5000789, '2014-09-29', 1, '2014-09-29', NULL, 'BOGOTÁ'),
	(457, 'C02', '96002', NULL, 'IVA', 72, 11, 'A', 5000789, '2014-09-29', 1, '2014-09-29', NULL, 'CAQUETÁ'),
	(458, 'C03', '96003', NULL, 'IVA', 72, 11, 'A', 5000789, '2014-09-29', 1, '2014-09-29', NULL, 'CUNDINAMARCA'),
	(459, 'C04', '96004', NULL, 'IVA', 72, 11, 'A', 5000789, '2014-09-29', 1, '2014-09-29', NULL, 'CHOCÓ'),
	(460, 'C05', '96005', NULL, 'IVA', 72, 11, 'A', 5000789, '2014-09-29', 1, '2014-09-29', NULL, 'LA GUAJIRA'),
	(461, 'C06', '96006', NULL, 'IVA', 72, 11, 'A', 5000789, '2014-09-29', 1, '2014-09-29', NULL, 'ARAUCA'),
	(462, 'C07', '96007', NULL, 'IVA', 72, 11, 'A', 5000789, '2014-09-29', 1, '2014-09-29', NULL, 'CASANARE'),
	(463, 'C08', '96008', NULL, 'IVA', 72, 11, 'A', 5000789, '2014-09-29', 1, '2014-09-29', NULL, 'PUTUMAYO'),
	(464, 'C09', '96009', NULL, 'IVA', 72, 11, 'A', 5000789, '2014-09-29', 1, '2014-09-29', NULL, 'ARCHIPIÉLAGO DE SAN ANDRÉS'),
	(465, 'C10', '96010', NULL, 'IVA', 72, 11, 'A', 5000789, '2014-09-29', 1, '2014-09-29', NULL, 'AMAZONAS'),
	(466, 'C11', '96011', NULL, 'IVA', 72, 11, 'A', 5000789, '2014-09-29', 1, '2014-09-29', NULL, 'GUAVIARE'),
	(467, 'C12', '96012', NULL, 'IVA', 72, 11, 'A', 5000789, '2014-09-29', 1, '2014-09-29', NULL, 'VAUPÉS'),
	(468, 'C13', '96013', NULL, 'IVA', 72, 11, 'A', 5000789, '2014-09-29', 1, '2014-09-29', NULL, 'ANTIOQUIA'),
	(469, 'C14', '96014', NULL, 'IVA', 72, 11, 'A', 5000789, '2014-09-29', 1, '2014-09-29', NULL, 'ATLÁNTICO'),
	(470, 'C15', '96015', NULL, 'IVA', 72, 11, 'A', 5000789, '2014-09-29', 1, '2014-09-29', NULL, 'BOLÍVAR'),
	(471, 'C16', '96016', NULL, 'IVA', 72, 11, 'A', 5000789, '2014-09-29', 1, '2014-09-29', NULL, 'BOYACÁ'),
	(472, 'C17', '96017', NULL, 'IVA', 72, 11, 'A', 5000789, '2014-09-29', 1, '2014-09-29', NULL, 'BUGA'),
	(473, 'C18', '96018', NULL, 'IVA', 72, 11, 'A', 5000789, '2014-09-29', 1, '2014-09-29', NULL, 'CALDAS'),
	(474, 'C19', '96019', NULL, 'IVA', 72, 11, 'A', 5000789, '2014-09-29', 1, '2014-09-29', NULL, 'CAUCA'),
	(475, 'C20', '96020', NULL, 'IVA', 72, 11, 'A', 5000789, '2014-09-29', 1, '2014-09-29', NULL, 'CESAR'),
	(476, 'C21', '96021', NULL, 'IVA', 72, 11, 'A', 5000789, '2014-09-29', 1, '2014-09-29', NULL, 'CORDOBA'),
	(477, 'C22', '96022', NULL, 'IVA', 72, 11, 'A', 5000789, '2014-09-29', 1, '2014-09-29', NULL, 'GUAINÍA'),
	(478, 'C23', '96023', NULL, 'IVA', 72, 11, 'A', 5000789, '2014-09-29', 1, '2014-09-29', NULL, 'HUILA'),
	(479, 'C24', '96024', NULL, 'IVA', 72, 11, 'A', 5000789, '2014-09-29', 1, '2014-09-29', NULL, 'MAGDALENA'),
	(480, 'C25', '96025', NULL, 'IVA', 72, 11, 'A', 5000789, '2014-09-29', 1, '2014-09-29', NULL, 'META'),
	(481, 'C26', '96026', NULL, 'IVA', 72, 11, 'A', 5000789, '2014-09-29', 1, '2014-09-29', NULL, 'NARIÑO'),
	(482, 'C27', '96027', NULL, 'IVA', 72, 11, 'A', 5000789, '2014-09-29', 1, '2014-09-29', NULL, 'NORTE DE SANTANDER'),
	(483, 'C28', '96028', NULL, 'IVA', 72, 11, 'A', 5000789, '2014-09-29', 1, '2014-09-29', NULL, 'QUINDIO'),
	(484, 'C29', '96029', NULL, 'IVA', 72, 11, 'A', 5000789, '2014-09-29', 1, '2014-09-29', NULL, 'RISARALDA'),
	(485, 'C30', '96030', NULL, 'IVA', 72, 11, 'A', 5000789, '2014-09-29', 1, '2014-09-29', NULL, 'SANTANDER'),
	(486, 'C31', '96031', NULL, 'IVA', 72, 11, 'A', 5000789, '2014-09-29', 1, '2014-09-29', NULL, 'SUCRE'),
	(487, 'C32', '96032', NULL, 'IVA', 72, 11, 'A', 5000789, '2014-09-29', 1, '2014-09-29', NULL, 'TOLIMA'),
	(488, 'C33', '96033', NULL, 'IVA', 72, 11, 'A', 5000789, '2014-09-29', 1, '2014-09-29', NULL, 'VALLE DEL CAUCA'),
	(489, 'C34', '96034', NULL, 'IVA', 72, 11, 'A', 5000789, '2014-09-29', 1, '2014-09-29', NULL, 'VICHADA'),
	(490, 'C35', '96035', NULL, 'IVA', 72, 11, 'A', 5000789, '2014-09-29', 1, '2014-09-29', NULL, 'YUMBO'),
	(491, '06', NULL, NULL, 'IVA', 254, 11, 'A', 5000087, '2014-10-06', 186, '2014-10-06', NULL, 'BARQUESIMETO'),
	(492, '16', NULL, NULL, 'IVA', 97, 2, 'A', 5000087, '2014-10-16', 186, '2014-10-16', NULL, 'NETAFFILIATION'),
	(493, 'M50', '11950', NULL, 'IVA', 176, 11, 'A', 5000087, '2014-12-02', 5000618, '2017-03-16', NULL, 'MEXICO DF'),
	(494, '02', '417', NULL, 'IVA', 54, 26, 'A', 5000086, '2015-01-16', 184, '2015-01-16', NULL, 'SALVADOR DE BAHIA'),
	(495, '06', NULL, NULL, 'IVA', 249, 11, 'A', 5000296, '2015-01-16', 1014, '2015-01-16', NULL, 'CALIFORNIA'),
	(496, '832', NULL, NULL, 'IVA', 69, 11, 'A', 5000147, '2015-04-08', 611, '2015-04-08', NULL, 'SANTIAGO'),
	(503, '1', NULL, NULL, NULL, 53, 53, 'A', 5000517, '2015-09-02', 1, '2015-09-02', NULL, 'ACHOCALLA'),
	(504, '2', NULL, NULL, NULL, 53, 53, 'A', 5000517, '2015-09-02', 1, '2015-09-02', NULL, 'ACHUMANI'),
	(505, '3', NULL, NULL, NULL, 53, 53, 'A', 5000517, '2015-09-02', 1, '2015-09-02', NULL, 'ALTO'),
	(506, '4', NULL, NULL, NULL, 53, 53, 'A', 5000517, '2015-09-02', 1, '2015-09-02', NULL, 'AMÉRICA'),
	(507, '5', NULL, NULL, NULL, 53, 53, 'A', 5000517, '2015-09-02', 1, '2015-09-02', NULL, 'ANDRÉS'),
	(508, '6', NULL, NULL, NULL, 53, 53, 'A', 5000517, '2015-09-02', 1, '2015-09-02', NULL, 'AROMA'),
	(509, '7', NULL, NULL, NULL, 53, 53, 'A', 5000517, '2015-09-02', 1, '2015-09-02', NULL, 'BERMEJO'),
	(510, '8', NULL, NULL, NULL, 53, 53, 'A', 5000517, '2015-09-02', 1, '2015-09-02', NULL, 'CAMARGO'),
	(511, '9', NULL, NULL, NULL, 53, 53, 'A', 5000517, '2015-09-02', 1, '2015-09-02', NULL, 'CAMIRI'),
	(512, '10', NULL, NULL, NULL, 53, 53, 'A', 5000517, '2015-09-02', 1, '2015-09-02', NULL, 'CARACAS'),
	(513, '11', NULL, NULL, NULL, 53, 53, 'A', 5000517, '2015-09-02', 1, '2015-09-02', NULL, 'CARANAVI'),
	(514, '12', NULL, NULL, NULL, 53, 53, 'A', 5000517, '2015-09-02', 1, '2015-09-02', NULL, 'CARAPARÍ'),
	(515, '13', NULL, NULL, NULL, 53, 53, 'A', 5000517, '2015-09-02', 1, '2015-09-02', NULL, 'CERCADO'),
	(516, '14', NULL, NULL, NULL, 53, 53, 'A', 5000517, '2015-09-02', 1, '2015-09-02', NULL, 'CIUDAD COCHABAMBA'),
	(517, '15', NULL, NULL, NULL, 53, 53, 'A', 5000517, '2015-09-02', 1, '2015-09-02', NULL, 'CIUDAD LA PAZ'),
	(518, '16', NULL, NULL, NULL, 53, 53, 'A', 5000517, '2015-09-02', 1, '2015-09-02', NULL, 'COBIJA'),
	(519, '17', NULL, NULL, NULL, 53, 53, 'A', 5000517, '2015-09-02', 1, '2015-09-02', NULL, 'COCHABAMBA'),
	(520, '18', NULL, NULL, NULL, 53, 53, 'A', 5000517, '2015-09-02', 1, '2015-09-02', NULL, 'COLCAPIRHUA'),
	(521, '19', NULL, NULL, NULL, 53, 53, 'A', 5000517, '2015-09-02', 1, '2015-09-02', NULL, 'COLOMI'),
	(522, '20', NULL, NULL, NULL, 53, 53, 'A', 5000517, '2015-09-02', 1, '2015-09-02', NULL, 'COPACABANA'),
	(523, '21', NULL, NULL, NULL, 53, 53, 'A', 5000517, '2015-09-02', 1, '2015-09-02', NULL, 'COTOCA'),
	(524, '22', NULL, NULL, NULL, 53, 53, 'A', 5000517, '2015-09-02', 1, '2015-09-02', NULL, 'CRUZ'),
	(525, '23', NULL, NULL, NULL, 53, 53, 'A', 5000517, '2015-09-02', 1, '2015-09-02', NULL, 'EL CARMEN'),
	(526, '24', NULL, NULL, NULL, 53, 53, 'A', 5000517, '2015-09-02', 1, '2015-09-02', NULL, 'ESTANCIA MISIÓN KHASA'),
	(527, '25', NULL, NULL, NULL, 53, 53, 'A', 5000517, '2015-09-02', 1, '2015-09-02', NULL, 'ESTANCIA VILA VILA'),
	(528, '26', NULL, NULL, NULL, 53, 53, 'A', 5000517, '2015-09-02', 1, '2015-09-02', NULL, 'FRANCIA'),
	(529, '27', NULL, NULL, NULL, 53, 53, 'A', 5000517, '2015-09-02', 1, '2015-09-02', NULL, 'GUAYARAMERÍN'),
	(530, '28', NULL, NULL, NULL, 53, 53, 'A', 5000517, '2015-09-02', 1, '2015-09-02', NULL, 'HAMACAS'),
	(531, '29', NULL, NULL, NULL, 53, 53, 'A', 5000517, '2015-09-02', 1, '2015-09-02', NULL, 'HUANUNI'),
	(532, '30', NULL, NULL, NULL, 53, 53, 'A', 5000517, '2015-09-02', 1, '2015-09-02', NULL, 'LA BÉLGICA'),
	(533, '31', NULL, NULL, NULL, 53, 53, 'A', 5000517, '2015-09-02', 1, '2015-09-02', NULL, 'LA PAZ'),
	(534, '32', NULL, NULL, NULL, 53, 53, 'A', 5000517, '2015-09-02', 1, '2015-09-02', NULL, 'LLALLAGUA'),
	(535, '33', NULL, NULL, NULL, 53, 53, 'A', 5000517, '2015-09-02', 1, '2015-09-02', NULL, 'LOS ÁNGELES'),
	(536, '34', NULL, NULL, NULL, 53, 53, 'A', 5000517, '2015-09-02', 1, '2015-09-02', NULL, 'MACHACAMARCA'),
	(537, '35', NULL, NULL, NULL, 53, 53, 'A', 5000517, '2015-09-02', 1, '2015-09-02', NULL, 'MAIRANA'),
	(538, '36', NULL, NULL, NULL, 53, 53, 'A', 5000517, '2015-09-02', 1, '2015-09-02', NULL, 'MIRAFLORES'),
	(539, '37', NULL, NULL, NULL, 53, 53, 'A', 5000517, '2015-09-02', 1, '2015-09-02', NULL, 'MONTERO'),
	(540, '38', NULL, NULL, NULL, 53, 53, 'A', 5000517, '2015-09-02', 1, '2015-09-02', NULL, 'NOHATA'),
	(541, '39', NULL, NULL, NULL, 53, 53, 'A', 5000517, '2015-09-02', 1, '2015-09-02', NULL, 'ORURO'),
	(542, '40', NULL, NULL, NULL, 53, 53, 'A', 5000517, '2015-09-02', 1, '2015-09-02', NULL, 'PANDO'),
	(543, '41', NULL, NULL, NULL, 53, 53, 'A', 5000517, '2015-09-02', 1, '2015-09-02', NULL, 'POTOSÍ'),
	(544, '42', NULL, NULL, NULL, 53, 53, 'A', 5000517, '2015-09-02', 1, '2015-09-02', NULL, 'PUERTO'),
	(545, '43', NULL, NULL, NULL, 53, 53, 'A', 5000517, '2015-09-02', 1, '2015-09-02', NULL, 'PUERTO SUÁREZ'),
	(546, '44', NULL, NULL, NULL, 53, 53, 'A', 5000517, '2015-09-02', 1, '2015-09-02', NULL, 'QUILLACOLLO'),
	(547, '45', NULL, NULL, NULL, 53, 53, 'A', 5000517, '2015-09-02', 1, '2015-09-02', NULL, 'RIBERALTA'),
	(548, '46', NULL, NULL, NULL, 53, 53, 'A', 5000517, '2015-09-02', 1, '2015-09-02', NULL, 'SACABA'),
	(549, '47', NULL, NULL, NULL, 53, 53, 'A', 5000517, '2015-09-02', 1, '2015-09-02', NULL, 'SAN IGNACIO'),
	(550, '48', NULL, NULL, NULL, 53, 53, 'A', 5000517, '2015-09-02', 1, '2015-09-02', NULL, 'SANTA CRUZ'),
	(551, '49', NULL, NULL, NULL, 53, 53, 'A', 5000517, '2015-09-02', 1, '2015-09-02', NULL, 'SANTA CRUZ DE LA SIERRA'),
	(552, '50', NULL, NULL, NULL, 53, 53, 'A', 5000517, '2015-09-02', 1, '2015-09-02', NULL, 'SUCRE'),
	(553, '51', NULL, NULL, NULL, 53, 53, 'A', 5000517, '2015-09-02', 1, '2015-09-02', NULL, 'TARIJA'),
	(554, '52', NULL, NULL, NULL, 53, 53, 'A', 5000517, '2015-09-02', 1, '2015-09-02', NULL, 'TIQUIPAYA'),
	(555, '53', NULL, NULL, NULL, 53, 53, 'A', 5000517, '2015-09-02', 1, '2015-09-02', NULL, 'TRINIDAD'),
	(556, '54', NULL, NULL, NULL, 53, 53, 'A', 5000517, '2015-09-02', 1, '2015-09-02', NULL, 'UYUNI'),
	(562, '05', '1000', NULL, 'IVA', 66, 2, 'A', 5000086, '2016-01-22', 184, '2016-03-21', NULL, 'VAUD'),
	(564, '1', '11824', NULL, 'IVA', 250, 29, 'A', 5000212, '2016-05-31', 5000290, '2017-02-28', NULL, 'MONTEVIDEO'),
	(565, '1', '0819', NULL, 'IVA', 192, 11, 'A', 5000087, '2016-06-15', 186, '2016-06-15', NULL, 'Panamá'),
	(566, '06', '6000', NULL, 'IVA', 66, 2, 'A', 5000086, '2016-08-25', 5000086, '2016-08-25', NULL, 'BAAR'),
	(568, '01', '21000', NULL, 'IVA', 119, 29, 'A', 5000086, '2016-09-12', 5000086, '2016-09-12', NULL, 'CORTES'),
	(569, '10', '01200', NULL, 'IVA', 254, 29, 'A', 5000086, '2016-09-26', 5000086, '2016-09-30', NULL, 'GUITARE, ESTADO MIRANDA'),
	(570, '01', '1700000', '1790000', 'IVA', 69, 29, 'A', 5000086, '2016-10-28', 5000086, '2016-10-28', NULL, 'LA SERENA'),
	(571, '06', '40000', NULL, 'IVA', 79, 4, 'A', 5000086, '2016-11-08', 5000086, '2016-11-08', NULL, 'DÜSSELDORF'),
	(572, '07', '78000', NULL, 'IVA', 79, 4, 'A', 5000086, '2016-12-02', 5000086, '2016-12-02', NULL, 'KONSTANZ'),
	(573, '07', '8008', NULL, 'IVA', 66, 2, 'A', 75226, '2016-12-16', 5000086, '2018-01-16', NULL, 'ZURICH'),
	(574, '03', NULL, NULL, 'IVA', 36, 11, 'A', 5000087, '2017-02-03', 5000087, '2017-02-03', NULL, 'CORDOBA CAPITAL'),
	(575, '02', '93020', '93020', 'IVA', 158, 8, 'A', 5000087, '2017-03-20', 5000087, '2017-03-20', NULL, 'TETUAN'),
	(576, '10', 'M ', NULL, 'IVA', 100, 1, 'A', 5000086, '2017-03-23', 5000086, '2017-03-23', NULL, 'MANCHESTER'),
	(578, 'A01', 'AU3000', NULL, 'IVA', 39, 11, 'A', 5000618, '2017-03-27', 5000618, '2017-03-27', NULL, 'VICTORIA'),
	(579, '02', 'NL00000', NULL, 'IVA', 185, 11, 'A', 5000618, '2017-04-04', 5000618, '2017-04-04', NULL, 'AMSTERDAM'),
	(580, '01', '36050', NULL, 'IVA', 27, 8, 'A', 5000358, '2017-04-17', 5000358, '2017-04-17', NULL, 'DUBAI'),
	(582, '04', '00593', NULL, 'IVA', 85, 29, 'A', 5000358, '2017-05-15', 5000358, '2017-05-15', NULL, 'LOJA'),
	(585, '2', '555', NULL, 'IVA', 69, 29, 'A', 5000358, '2017-08-10', 5000358, '2017-08-10', NULL, 'LLANQUIHUE'),
	(587, '05', '241552', NULL, 'IVA', 85, 29, 'A', 5000087, '2017-10-02', 5000087, '2017-10-02', NULL, 'SANTA ELENA'),
	(588, '08', '3000', NULL, 'IVA', 66, 2, 'A', 5000086, '2018-01-16', 5000086, '2018-01-16', NULL, 'BERNA'),
	(589, '01', '1100', NULL, 'IVA', 227, 29, 'A', 5000086, '2018-03-07', 5000086, '2018-03-07', NULL, 'SAN SALVADOR'),
	(590, '06', NULL, NULL, 'IVA', 85, 29, 'A', 15450673, '2018-03-13', 15450673, '2018-03-13', NULL, 'PASTAZA'),
	(591, '12', 'EX 14', NULL, 'IVA', 100, 1, 'A', 5000086, '2018-04-09', 5000086, '2018-04-09', NULL, 'DEVON'),
	(592, '13', NULL, NULL, 'IVA', 100, 1, 'A', 15450673, '2018-04-27', 15450673, '2018-04-27', NULL, 'BRISTOL'),
	(593, '07', '01000', NULL, 'IVA', 85, 29, 'A', 5000086, '2018-06-26', 5000086, '2018-06-26', NULL, 'CUENCA-ECUADOR'),
	(599, '09', NULL, NULL, 'IVA', 66, 2, 'A', 5000087, '2018-09-06', 5000087, '2018-09-06', NULL, 'ESSLINGEN'),
	(601, '14', NULL, NULL, 'IVA', 100, 1, 'A', 15450673, '2018-10-02', 15450673, '2018-10-02', NULL, 'LUTON'),
	(603, '50', NULL, NULL, 'IVA', 203, 18, 'A', 5000290, '2018-10-19', 5000290, '2018-10-19', NULL, 'MADEIRA'),
	(604, '09', 'D-53113', NULL, 'IVA', 79, 4, 'A', 5000087, '2018-11-19', 5000087, '2018-11-19', NULL, 'BONN'),
	(605, '01', '2500', '2900', 'IVA', 53, 29, 'A', 5000086, '2018-12-03', 5000086, '2018-12-03', NULL, 'COCHABAMBA'),
	(606, '08', '132150', NULL, 'IVA', 85, 29, 'A', 15490161, '2019-02-06', 15490161, '2019-02-06', NULL, 'JARAMIJO'),
	(608, '8', '132150', NULL, 'IVA', 85, 29, 'A', 15490161, '2019-02-06', 15490161, '2019-02-06', NULL, 'JARAMIJO'),
	(609, '02', NULL, NULL, 'IVA', 53, 11, 'A', 5000087, '2019-02-21', 5000087, '2019-02-21', NULL, 'SANTA CRUZ'),
	(610, '08', NULL, NULL, 'IVA', 131, 108, 'A', 15450673, '2019-04-02', 15450673, '2019-04-02', NULL, 'LAZIO'),
	(612, '1', '100', NULL, 'IVA', 32, 101, 'A', 5000212, '2019-09-19', 5000212, '2019-09-19', NULL, 'ARMENIA1'),
	(694, ' 01', NULL, NULL, NULL, 238, 1, 'A', 1, '2019-09-20', 1, '2019-09-20', NULL, 'Túnez'),
	(695, ' 01', NULL, NULL, NULL, 239, 1, 'A', 1, '2019-09-20', 1, '2019-09-20', NULL, 'Tonga'),
	(696, ' 01', NULL, NULL, NULL, 240, 1, 'A', 1, '2019-09-20', 1, '2019-09-20', NULL, 'Tímor Oriental'),
	(697, ' 01', NULL, NULL, NULL, 241, 1, 'A', 1, '2019-09-20', 1, '2019-09-20', NULL, 'Turquía'),
	(698, ' 01', NULL, NULL, NULL, 242, 1, 'A', 1, '2019-09-20', 1, '2019-09-20', NULL, 'Trinidad y Tobago'),
	(699, ' 01', NULL, NULL, NULL, 243, 1, 'A', 1, '2019-09-20', 1, '2019-09-20', NULL, 'Tuvalu'),
	(700, ' 01', NULL, NULL, NULL, 244, 1, 'A', 1, '2019-09-20', 1, '2019-09-20', NULL, 'Taiwán'),
	(701, ' 01', NULL, NULL, NULL, 245, 1, 'A', 1, '2019-09-20', 1, '2019-09-20', NULL, 'Tanzania, República Unida de'),
	(702, ' 01', NULL, NULL, NULL, 246, 1, 'A', 1, '2019-09-20', 1, '2019-09-20', NULL, 'Ucrania'),
	(703, ' 01', NULL, NULL, NULL, 247, 1, 'A', 1, '2019-09-20', 1, '2019-09-20', NULL, 'Uganda'),
	(704, ' 01', NULL, NULL, NULL, 248, 1, 'A', 1, '2019-09-20', 1, '2019-09-20', NULL, 'Islas Exteriores Menores de Estados Unidos'),
	(705, ' 01', NULL, NULL, NULL, 249, 1, 'A', 1, '2019-09-20', 1, '2019-09-20', NULL, 'Estados Unidos'),
	(706, ' 01', NULL, NULL, NULL, 250, 1, 'A', 1, '2019-09-20', 1, '2019-09-20', NULL, 'Uruguay'),
	(707, ' 01', NULL, NULL, NULL, 251, 1, 'A', 1, '2019-09-20', 1, '2019-09-20', NULL, 'Uzbekistán'),
	(708, ' 01', NULL, NULL, NULL, 252, 1, 'A', 1, '2019-09-20', 1, '2019-09-20', NULL, 'Santa Sede (Estado Ciudad del Vaticano)'),
	(709, ' 01', NULL, NULL, NULL, 253, 1, 'A', 1, '2019-09-20', 1, '2019-09-20', NULL, 'San Vicente y Granadinas'),
	(710, ' 01', NULL, NULL, NULL, 254, 1, 'A', 1, '2019-09-20', 1, '2019-09-20', NULL, 'Venezuela'),
	(711, ' 01', NULL, NULL, NULL, 255, 1, 'A', 1, '2019-09-20', 1, '2019-09-20', NULL, 'Islas Vírgenes, Británicas'),
	(712, ' 01', NULL, NULL, NULL, 256, 1, 'A', 1, '2019-09-20', 1, '2019-09-20', NULL, 'Islas Vírgenes, EE.UU.'),
	(713, ' 01', NULL, NULL, NULL, 257, 1, 'A', 1, '2019-09-20', 1, '2019-09-20', NULL, 'Vietnam'),
	(714, ' 01', NULL, NULL, NULL, 258, 1, 'A', 1, '2019-09-20', 1, '2019-09-20', NULL, 'Vanuatu'),
	(715, ' 01', NULL, NULL, NULL, 259, 1, 'A', 1, '2019-09-20', 1, '2019-09-20', NULL, 'Wallis y Futuna'),
	(716, ' 01', NULL, NULL, NULL, 260, 1, 'A', 1, '2019-09-20', 1, '2019-09-20', NULL, 'Samoa'),
	(717, ' 01', NULL, NULL, NULL, 261, 1, 'A', 1, '2019-09-20', 1, '2019-09-20', NULL, 'Yemen'),
	(718, ' 01', NULL, NULL, NULL, 262, 1, 'A', 1, '2019-09-20', 1, '2019-09-20', NULL, 'Mayotte'),
	(719, ' 01', NULL, NULL, NULL, 263, 1, 'A', 1, '2019-09-20', 1, '2019-09-20', NULL, 'Serbia'),
	(720, ' 01', NULL, NULL, NULL, 264, 1, 'A', 1, '2019-09-20', 1, '2019-09-20', NULL, 'Sudáfrica'),
	(721, ' 01', NULL, NULL, NULL, 265, 1, 'A', 1, '2019-09-20', 1, '2019-09-20', NULL, 'Zambia'),
	(722, ' 01', NULL, NULL, NULL, 266, 1, 'A', 1, '2019-09-20', 1, '2019-09-20', NULL, 'Obsoleto véase territorio CD'),
	(723, ' 01', NULL, NULL, NULL, 267, 1, 'A', 1, '2019-09-20', 1, '2019-09-20', NULL, 'Zimbabwe'),
	(724, ' 01', NULL, NULL, NULL, 94, 1, 'A', 1, '2019-09-20', 1, '2019-09-20', NULL, 'Islas Malvinas (Falkland)'),
	(725, ' 01', NULL, NULL, NULL, 95, 1, 'A', 1, '2019-09-20', 1, '2019-09-20', NULL, 'Micronesia (Estados Federados de)'),
	(726, ' 01', NULL, NULL, NULL, 96, 1, 'A', 1, '2019-09-20', 1, '2019-09-20', NULL, 'Islas Feroe'),
	(727, ' 01', NULL, NULL, NULL, 97, 1, 'A', 1, '2019-09-20', 1, '2019-09-20', NULL, 'Francia'),
	(728, ' 01', NULL, NULL, NULL, 98, 1, 'A', 1, '2019-09-20', 1, '2019-09-20', NULL, 'Obsoleto véase territorio FR'),
	(729, ' 01', NULL, NULL, NULL, 99, 1, 'A', 1, '2019-09-20', 1, '2019-09-20', NULL, 'Gabón'),
	(730, ' 01', NULL, NULL, NULL, 100, 1, 'A', 1, '2019-09-20', 1, '2019-09-20', NULL, 'Reino Unido'),
	(731, ' 01', NULL, NULL, NULL, 101, 1, 'A', 1, '2019-09-20', 1, '2019-09-20', NULL, 'Granada'),
	(732, ' 01', NULL, NULL, NULL, 102, 1, 'A', 1, '2019-09-20', 1, '2019-09-20', NULL, 'Georgia'),
	(733, ' 01', NULL, NULL, NULL, 103, 1, 'A', 1, '2019-09-20', 1, '2019-09-20', NULL, 'Guayana Francesa'),
	(734, ' 01', NULL, NULL, NULL, 104, 1, 'A', 1, '2019-09-20', 1, '2019-09-20', NULL, 'Ghana'),
	(735, ' 01', NULL, NULL, NULL, 105, 1, 'A', 1, '2019-09-20', 1, '2019-09-20', NULL, 'Gibraltar'),
	(736, ' 01', NULL, NULL, NULL, 106, 1, 'A', 1, '2019-09-20', 1, '2019-09-20', NULL, 'Groenlandia'),
	(737, ' 01', NULL, NULL, NULL, 107, 1, 'A', 1, '2019-09-20', 1, '2019-09-20', NULL, 'Gambia'),
	(738, ' 01', NULL, NULL, NULL, 108, 1, 'A', 1, '2019-09-20', 1, '2019-09-20', NULL, 'Guinea'),
	(739, ' 01', NULL, NULL, NULL, 109, 1, 'A', 1, '2019-09-20', 1, '2019-09-20', NULL, 'Guadalupe'),
	(740, ' 01', NULL, NULL, NULL, 110, 1, 'A', 1, '2019-09-20', 1, '2019-09-20', NULL, 'Guinea Ecuatorial'),
	(741, ' 01', NULL, NULL, NULL, 112, 1, 'A', 1, '2019-09-20', 1, '2019-09-20', NULL, 'Georgio del Sur y la Isla Sandwich del Sur'),
	(742, ' 01', NULL, NULL, NULL, 113, 1, 'A', 1, '2019-09-20', 1, '2019-09-20', NULL, 'Guatemala'),
	(743, ' 01', NULL, NULL, NULL, 114, 1, 'A', 1, '2019-09-20', 1, '2019-09-20', NULL, 'Guam'),
	(744, ' 01', NULL, NULL, NULL, 115, 1, 'A', 1, '2019-09-20', 1, '2019-09-20', NULL, 'Guinea-Bissau'),
	(745, ' 01', NULL, NULL, NULL, 116, 1, 'A', 1, '2019-09-20', 1, '2019-09-20', NULL, 'Guayana'),
	(746, ' 01', NULL, NULL, NULL, 117, 1, 'A', 1, '2019-09-20', 1, '2019-09-20', NULL, 'Hong Kong'),
	(747, ' 01', NULL, NULL, NULL, 118, 1, 'A', 1, '2019-09-20', 1, '2019-09-20', NULL, 'Isla Heard e Islas McDonald'),
	(748, ' 01', NULL, NULL, NULL, 119, 1, 'A', 1, '2019-09-20', 1, '2019-09-20', NULL, 'Honduras'),
	(749, ' 01', NULL, NULL, NULL, 120, 1, 'A', 1, '2019-09-20', 1, '2019-09-20', NULL, 'Croacia'),
	(750, ' 01', NULL, NULL, NULL, 121, 1, 'A', 1, '2019-09-20', 1, '2019-09-20', NULL, 'Haití'),
	(751, ' 01', NULL, NULL, NULL, 122, 1, 'A', 1, '2019-09-20', 1, '2019-09-20', NULL, 'Hungría'),
	(752, ' 01', NULL, NULL, NULL, 123, 1, 'A', 1, '2019-09-20', 1, '2019-09-20', NULL, 'Indonesia'),
	(753, ' 01', NULL, NULL, NULL, 124, 1, 'A', 1, '2019-09-20', 1, '2019-09-20', NULL, 'Irlanda'),
	(754, ' 01', NULL, NULL, NULL, 125, 1, 'A', 1, '2019-09-20', 1, '2019-09-20', NULL, 'Israel'),
	(755, ' 01', NULL, NULL, NULL, 126, 1, 'A', 1, '2019-09-20', 1, '2019-09-20', NULL, 'India'),
	(756, ' 01', NULL, NULL, NULL, 127, 1, 'A', 1, '2019-09-20', 1, '2019-09-20', NULL, 'Territorio Británico del Océano Indico'),
	(757, ' 01', NULL, NULL, NULL, 128, 1, 'A', 1, '2019-09-20', 1, '2019-09-20', NULL, 'Irak'),
	(758, ' 01', NULL, NULL, NULL, 129, 1, 'A', 1, '2019-09-20', 1, '2019-09-20', NULL, 'Irán (República Islámica de)'),
	(759, ' 01', NULL, NULL, NULL, 130, 1, 'A', 1, '2019-09-20', 1, '2019-09-20', NULL, 'Islandia'),
	(760, ' 01', NULL, NULL, NULL, 131, 1, 'A', 1, '2019-09-20', 1, '2019-09-20', NULL, 'Italia'),
	(761, ' 01', NULL, NULL, NULL, 132, 1, 'A', 1, '2019-09-20', 1, '2019-09-20', NULL, 'Jamaica'),
	(762, ' 01', NULL, NULL, NULL, 133, 1, 'A', 1, '2019-09-20', 1, '2019-09-20', NULL, 'Jordania'),
	(763, ' 01', NULL, NULL, NULL, 134, 1, 'A', 1, '2019-09-20', 1, '2019-09-20', NULL, 'Japón'),
	(764, ' 01', NULL, NULL, NULL, 135, 1, 'A', 1, '2019-09-20', 1, '2019-09-20', NULL, 'Kenia'),
	(765, ' 01', NULL, NULL, NULL, 136, 1, 'A', 1, '2019-09-20', 1, '2019-09-20', NULL, 'Kirguizistán'),
	(766, ' 01', NULL, NULL, NULL, 137, 1, 'A', 1, '2019-09-20', 1, '2019-09-20', NULL, 'Camboya'),
	(767, ' 01', NULL, NULL, NULL, 138, 1, 'A', 1, '2019-09-20', 1, '2019-09-20', NULL, 'Kiribati'),
	(768, ' 01', NULL, NULL, NULL, 139, 1, 'A', 1, '2019-09-20', 1, '2019-09-20', NULL, 'Comores'),
	(769, ' 01', NULL, NULL, NULL, 140, 1, 'A', 1, '2019-09-20', 1, '2019-09-20', NULL, 'Saint Kitts y Nevis'),
	(770, ' 01', NULL, NULL, NULL, 141, 1, 'A', 1, '2019-09-20', 1, '2019-09-20', NULL, 'Corea, República Democrática Popular de'),
	(771, ' 01', NULL, NULL, NULL, 142, 1, 'A', 1, '2019-09-20', 1, '2019-09-20', NULL, 'Corea, República de'),
	(772, ' 01', NULL, NULL, NULL, 143, 1, 'A', 1, '2019-09-20', 1, '2019-09-20', NULL, 'Kuwait'),
	(773, ' 01', NULL, NULL, NULL, 144, 1, 'A', 1, '2019-09-20', 1, '2019-09-20', NULL, 'Islas Caimán'),
	(774, ' 01', NULL, NULL, NULL, 145, 1, 'A', 1, '2019-09-20', 1, '2019-09-20', NULL, 'Kazajstán'),
	(775, ' 01', NULL, NULL, NULL, 146, 1, 'A', 1, '2019-09-20', 1, '2019-09-20', NULL, 'República Democrática Popular de Laos'),
	(776, ' 01', NULL, NULL, NULL, 147, 1, 'A', 1, '2019-09-20', 1, '2019-09-20', NULL, 'Líbano'),
	(777, ' 01', NULL, NULL, NULL, 148, 1, 'A', 1, '2019-09-20', 1, '2019-09-20', NULL, 'Santa Lucía'),
	(778, ' 01', NULL, NULL, NULL, 149, 1, 'A', 1, '2019-09-20', 1, '2019-09-20', NULL, 'Liechtenstein'),
	(779, ' 01', NULL, NULL, NULL, 150, 1, 'A', 1, '2019-09-20', 1, '2019-09-20', NULL, 'Sri Lanka'),
	(780, ' 01', NULL, NULL, NULL, 151, 1, 'A', 1, '2019-09-20', 1, '2019-09-20', NULL, 'Liberia'),
	(781, ' 01', NULL, NULL, NULL, 152, 1, 'A', 1, '2019-09-20', 1, '2019-09-20', NULL, 'Lesoto'),
	(782, ' 01', NULL, NULL, NULL, 153, 1, 'A', 1, '2019-09-20', 1, '2019-09-20', NULL, 'Lituania'),
	(783, ' 01', NULL, NULL, NULL, 154, 1, 'A', 1, '2019-09-20', 1, '2019-09-20', NULL, 'Luxemburgo'),
	(784, ' 01', NULL, NULL, NULL, 155, 1, 'A', 1, '2019-09-20', 1, '2019-09-20', NULL, 'Latvia'),
	(785, ' 01', NULL, NULL, NULL, 26, 1, 'A', 1, '2019-09-20', 1, '2019-09-20', NULL, 'Andorra'),
	(786, ' 01', NULL, NULL, NULL, 27, 1, 'A', 1, '2019-09-20', 1, '2019-09-20', NULL, 'Emiratos Arabes Unidos'),
	(787, ' 01', NULL, NULL, NULL, 28, 1, 'A', 1, '2019-09-20', 1, '2019-09-20', NULL, 'Afganistán'),
	(788, ' 01', NULL, NULL, NULL, 29, 1, 'A', 1, '2019-09-20', 1, '2019-09-20', NULL, 'Antigua y Barbuda'),
	(789, ' 01', NULL, NULL, NULL, 30, 1, 'A', 1, '2019-09-20', 1, '2019-09-20', NULL, 'Anguila'),
	(790, ' 01', NULL, NULL, NULL, 31, 1, 'A', 1, '2019-09-20', 1, '2019-09-20', NULL, 'Albania'),
	(791, ' 01', NULL, NULL, NULL, 32, 1, 'A', 1, '2019-09-20', 1, '2019-09-20', NULL, 'Armenia'),
	(792, ' 01', NULL, NULL, NULL, 33, 1, 'A', 1, '2019-09-20', 1, '2019-09-20', NULL, 'Antillas Holandesas'),
	(793, ' 01', NULL, NULL, NULL, 34, 1, 'A', 1, '2019-09-20', 1, '2019-09-20', NULL, 'Angola'),
	(794, ' 01', NULL, NULL, NULL, 35, 1, 'A', 1, '2019-09-20', 1, '2019-09-20', NULL, 'Antártida'),
	(795, ' 01', NULL, NULL, NULL, 36, 1, 'A', 1, '2019-09-20', 1, '2019-09-20', NULL, 'Argentina'),
	(796, ' 01', NULL, NULL, NULL, 37, 1, 'A', 1, '2019-09-20', 1, '2019-09-20', NULL, 'Samoa Americana'),
	(797, ' 01', NULL, NULL, NULL, 38, 1, 'A', 1, '2019-09-20', 1, '2019-09-20', NULL, 'Austria'),
	(798, ' 01', NULL, NULL, NULL, 39, 1, 'A', 1, '2019-09-20', 1, '2019-09-20', NULL, 'Australia'),
	(799, ' 01', NULL, NULL, NULL, 40, 1, 'A', 1, '2019-09-20', 1, '2019-09-20', NULL, 'Aruba'),
	(800, ' 01', NULL, NULL, NULL, 41, 1, 'A', 1, '2019-09-20', 1, '2019-09-20', NULL, 'Azerbaiyán'),
	(801, ' 01', NULL, NULL, NULL, 42, 1, 'A', 1, '2019-09-20', 1, '2019-09-20', NULL, 'Bosnia y Herzegovina'),
	(802, ' 01', NULL, NULL, NULL, 43, 1, 'A', 1, '2019-09-20', 1, '2019-09-20', NULL, 'Barbados'),
	(803, ' 01', NULL, NULL, NULL, 44, 1, 'A', 1, '2019-09-20', 1, '2019-09-20', NULL, 'Bangladesh'),
	(804, ' 01', NULL, NULL, NULL, 45, 1, 'A', 1, '2019-09-20', 1, '2019-09-20', NULL, 'Bélgica'),
	(805, ' 01', NULL, NULL, NULL, 46, 1, 'A', 1, '2019-09-20', 1, '2019-09-20', NULL, 'Burkina Faso'),
	(806, ' 01', NULL, NULL, NULL, 47, 1, 'A', 1, '2019-09-20', 1, '2019-09-20', NULL, 'Bulgaria'),
	(807, ' 01', NULL, NULL, NULL, 48, 1, 'A', 1, '2019-09-20', 1, '2019-09-20', NULL, 'Bahrein'),
	(808, ' 01', NULL, NULL, NULL, 49, 1, 'A', 1, '2019-09-20', 1, '2019-09-20', NULL, 'Burundi'),
	(809, ' 01', NULL, NULL, NULL, 50, 1, 'A', 1, '2019-09-20', 1, '2019-09-20', NULL, 'Benín'),
	(810, ' 01', NULL, NULL, NULL, 51, 1, 'A', 1, '2019-09-20', 1, '2019-09-20', NULL, 'Bermudas'),
	(811, ' 01', NULL, NULL, NULL, 52, 1, 'A', 1, '2019-09-20', 1, '2019-09-20', NULL, 'Brunei Darussalam'),
	(812, ' 01', NULL, NULL, NULL, 53, 1, 'A', 1, '2019-09-20', 1, '2019-09-20', NULL, 'Bolivia'),
	(813, ' 01', NULL, NULL, NULL, 55, 1, 'A', 1, '2019-09-20', 1, '2019-09-20', NULL, 'Bahamas'),
	(814, ' 01', NULL, NULL, NULL, 56, 1, 'A', 1, '2019-09-20', 1, '2019-09-20', NULL, 'Bután'),
	(815, ' 01', NULL, NULL, NULL, 57, 1, 'A', 1, '2019-09-20', 1, '2019-09-20', NULL, 'Isla Bouvet'),
	(816, ' 01', NULL, NULL, NULL, 58, 1, 'A', 1, '2019-09-20', 1, '2019-09-20', NULL, 'Botsuana'),
	(817, ' 01', NULL, NULL, NULL, 59, 1, 'A', 1, '2019-09-20', 1, '2019-09-20', NULL, 'Bielorrusia'),
	(818, ' 01', NULL, NULL, NULL, 60, 1, 'A', 1, '2019-09-20', 1, '2019-09-20', NULL, 'Belice'),
	(819, ' 01', NULL, NULL, NULL, 61, 1, 'A', 1, '2019-09-20', 1, '2019-09-20', NULL, 'Canadá'),
	(820, ' 01', NULL, NULL, NULL, 62, 1, 'A', 1, '2019-09-20', 1, '2019-09-20', NULL, 'Islas Cocos (Keeling)'),
	(821, ' 01', NULL, NULL, NULL, 63, 1, 'A', 1, '2019-09-20', 1, '2019-09-20', NULL, 'Congo, República Democrática del'),
	(822, ' 01', NULL, NULL, NULL, 64, 1, 'A', 1, '2019-09-20', 1, '2019-09-20', NULL, 'República Centroafricana'),
	(823, ' 01', NULL, NULL, NULL, 65, 1, 'A', 1, '2019-09-20', 1, '2019-09-20', NULL, 'Congo'),
	(824, ' 01', NULL, NULL, NULL, 66, 1, 'A', 1, '2019-09-20', 1, '2019-09-20', NULL, 'Suiza'),
	(825, ' 01', NULL, NULL, NULL, 67, 1, 'A', 1, '2019-09-20', 1, '2019-09-20', NULL, 'Costa de Marfil'),
	(826, ' 01', NULL, NULL, NULL, 68, 1, 'A', 1, '2019-09-20', 1, '2019-09-20', NULL, 'Islas Cook'),
	(827, ' 01', NULL, NULL, NULL, 69, 1, 'A', 1, '2019-09-20', 1, '2019-09-20', NULL, 'Chile'),
	(828, ' 01', NULL, NULL, NULL, 70, 1, 'A', 1, '2019-09-20', 1, '2019-09-20', NULL, 'Camerún'),
	(829, ' 01', NULL, NULL, NULL, 71, 1, 'A', 1, '2019-09-20', 1, '2019-09-20', NULL, 'China'),
	(830, ' 01', NULL, NULL, NULL, 72, 1, 'A', 1, '2019-09-20', 1, '2019-09-20', NULL, 'Colombia'),
	(831, ' 01', NULL, NULL, NULL, 73, 1, 'A', 1, '2019-09-20', 1, '2019-09-20', NULL, 'Costa Rica'),
	(832, ' 01', NULL, NULL, NULL, 74, 1, 'A', 1, '2019-09-20', 1, '2019-09-20', NULL, 'Cuba'),
	(833, ' 01', NULL, NULL, NULL, 75, 1, 'A', 1, '2019-09-20', 1, '2019-09-20', NULL, 'Cabo Verde'),
	(834, ' 01', NULL, NULL, NULL, 76, 1, 'A', 1, '2019-09-20', 1, '2019-09-20', NULL, 'Isla Natividad'),
	(835, ' 01', NULL, NULL, NULL, 77, 1, 'A', 1, '2019-09-20', 1, '2019-09-20', NULL, 'Chipre'),
	(836, ' 01', NULL, NULL, NULL, 78, 1, 'A', 1, '2019-09-20', 1, '2019-09-20', NULL, 'República Checa'),
	(837, ' 01', NULL, NULL, NULL, 79, 1, 'A', 1, '2019-09-20', 1, '2019-09-20', NULL, 'Alemania'),
	(838, ' 01', NULL, NULL, NULL, 80, 1, 'A', 1, '2019-09-20', 1, '2019-09-20', NULL, 'Djibuti'),
	(839, ' 01', NULL, NULL, NULL, 81, 1, 'A', 1, '2019-09-20', 1, '2019-09-20', NULL, 'Dinamarca'),
	(840, ' 01', NULL, NULL, NULL, 82, 1, 'A', 1, '2019-09-20', 1, '2019-09-20', NULL, 'Dominica'),
	(841, ' 01', NULL, NULL, NULL, 83, 1, 'A', 1, '2019-09-20', 1, '2019-09-20', NULL, 'República Dominicana'),
	(842, ' 01', NULL, NULL, NULL, 84, 1, 'A', 1, '2019-09-20', 1, '2019-09-20', NULL, 'Argelia'),
	(843, ' 01', NULL, NULL, NULL, 85, 1, 'A', 1, '2019-09-20', 1, '2019-09-20', NULL, 'Ecuador'),
	(844, ' 01', NULL, NULL, NULL, 86, 1, 'A', 1, '2019-09-20', 1, '2019-09-20', NULL, 'Estonia'),
	(845, ' 01', NULL, NULL, NULL, 87, 1, 'A', 1, '2019-09-20', 1, '2019-09-20', NULL, 'Egipto'),
	(846, ' 01', NULL, NULL, NULL, 88, 1, 'A', 1, '2019-09-20', 1, '2019-09-20', NULL, 'Sahara Occidental'),
	(847, ' 01', NULL, NULL, NULL, 89, 1, 'A', 1, '2019-09-20', 1, '2019-09-20', NULL, 'Eritrea'),
	(848, ' 01', NULL, NULL, NULL, 91, 1, 'A', 1, '2019-09-20', 1, '2019-09-20', NULL, 'Etiopía'),
	(849, ' 01', NULL, NULL, NULL, 92, 1, 'A', 1, '2019-09-20', 1, '2019-09-20', NULL, 'Finlandia'),
	(850, ' 01', NULL, NULL, NULL, 93, 1, 'A', 1, '2019-09-20', 1, '2019-09-20', NULL, 'Fiji'),
	(851, ' 01', NULL, NULL, NULL, 156, 1, 'A', 1, '2019-09-20', 1, '2019-09-20', NULL, 'Obsoleto véase territorio LT'),
	(10000001, '1', NULL, NULL, NULL, 111, 104, 'A', 5000789, '2011-09-27', 1, '2011-09-27', NULL, 'ΑΙΤΩΛΟΑΚΑΡΝΑΝΙΑΣ'),
	(10000002, '2', NULL, NULL, NULL, 111, 104, 'A', 5000789, '2011-09-27', 1, '2011-09-27', NULL, 'ΑΡΓΟΛΙΔΑΣ'),
	(10000003, '3', NULL, NULL, NULL, 111, 104, 'A', 5000789, '2011-09-27', 1, '2011-09-27', NULL, 'ΑΡΚΑΔΙΑΣ'),
	(10000004, '4', NULL, NULL, NULL, 111, 104, 'A', 5000789, '2011-09-27', 1, '2011-09-27', NULL, 'ΑΡΤΑΣ'),
	(10000005, '5', NULL, NULL, NULL, 111, 104, 'A', 5000789, '2011-09-27', 1, '2011-09-27', NULL, 'ΑΤΤΙΚΗΣ'),
	(10000006, '6', NULL, NULL, NULL, 111, 104, 'A', 5000789, '2011-09-27', 1, '2011-09-27', NULL, 'ΑΧΑΪΑΣ'),
	(10000007, '7', NULL, NULL, NULL, 111, 104, 'A', 5000789, '2011-09-27', 1, '2011-09-27', NULL, 'ΒΟΙΩΤΙΑΣ'),
	(10000008, '8', NULL, NULL, NULL, 111, 104, 'A', 5000789, '2011-09-27', 1, '2011-09-27', NULL, 'ΓΡΕΒΕΝΩΝ'),
	(10000009, '9', NULL, NULL, NULL, 111, 104, 'A', 5000789, '2011-09-27', 1, '2011-09-27', NULL, 'ΔΡΑΜΑΣ'),
	(10000010, '10', NULL, NULL, NULL, 111, 104, 'A', 5000789, '2011-09-27', 1, '2011-09-27', NULL, 'ΔΩΔΕΚΑΝΗΣΟΥ'),
	(10000011, '11', NULL, NULL, NULL, 111, 104, 'A', 5000789, '2011-09-27', 1, '2011-09-27', NULL, 'ΕΒΡΟΥ'),
	(10000012, '12', NULL, NULL, NULL, 111, 104, 'A', 5000789, '2011-09-27', 1, '2011-09-27', NULL, 'ΕΥΒΟΙΑΣ'),
	(10000013, '13', NULL, NULL, NULL, 111, 104, 'A', 5000789, '2011-09-27', 1, '2011-09-27', NULL, 'ΕΥΡΥΤΑΝΙΑΣ'),
	(10000014, '14', NULL, NULL, NULL, 111, 104, 'A', 5000789, '2011-09-27', 1, '2011-09-27', NULL, 'ΖΑΚΥΝΘΟΥ'),
	(10000015, '15', NULL, NULL, NULL, 111, 104, 'A', 5000789, '2011-09-27', 1, '2011-09-27', NULL, 'ΗΛΕΙΑΣ'),
	(10000016, '16', NULL, NULL, NULL, 111, 104, 'A', 5000789, '2011-09-27', 1, '2011-09-27', NULL, 'ΗΜΑΘΙΑΣ'),
	(10000017, '17', NULL, NULL, NULL, 111, 104, 'A', 5000789, '2011-09-27', 1, '2011-09-27', NULL, 'ΗΡΑΚΛΕΙΟΥ'),
	(10000018, '18', NULL, NULL, NULL, 111, 104, 'A', 5000789, '2011-09-27', 1, '2011-09-27', NULL, 'ΘΕΣΠΡΩΤΙΑΣ'),
	(10000019, '19', NULL, NULL, NULL, 111, 104, 'A', 5000789, '2011-09-27', 1, '2011-09-27', NULL, 'ΘΕΣΣΑΛΟΝΙΚΗΣ'),
	(10000020, '20', NULL, NULL, NULL, 111, 104, 'A', 5000789, '2011-09-27', 1, '2011-09-27', NULL, 'ΙΩΑΝΝΙΝΩΝ'),
	(10000021, '21', NULL, NULL, NULL, 111, 104, 'A', 5000789, '2011-09-27', 1, '2011-09-27', NULL, 'ΚΑΒΑΛΑΣ'),
	(10000022, '22', NULL, NULL, NULL, 111, 104, 'A', 5000789, '2011-09-27', 1, '2011-09-27', NULL, 'ΚΑΡΔΙΤΣΑΣ'),
	(10000023, '23', NULL, NULL, NULL, 111, 104, 'A', 5000789, '2011-09-27', 1, '2011-09-27', NULL, 'ΚΑΣΤΟΡΙΑΣ'),
	(10000024, '24', NULL, NULL, NULL, 111, 104, 'A', 5000789, '2011-09-27', 1, '2011-09-27', NULL, 'ΚΕΡΚΥΡΑΣ'),
	(10000025, '25', NULL, NULL, NULL, 111, 104, 'A', 5000789, '2011-09-27', 1, '2011-09-27', NULL, 'ΚΕΦΑΛΛΗΝΙΑΣ'),
	(10000026, '26', NULL, NULL, NULL, 111, 104, 'A', 5000789, '2011-09-27', 1, '2011-09-27', NULL, 'ΚΙΛΚΙΣ'),
	(10000027, '27', NULL, NULL, NULL, 111, 104, 'A', 5000789, '2011-09-27', 1, '2011-09-27', NULL, 'ΚΟΖΑΝΗΣ'),
	(10000028, '28', NULL, NULL, NULL, 111, 104, 'A', 5000789, '2011-09-27', 1, '2011-09-27', NULL, 'ΚΟΡΙΝΘΙΑΣ'),
	(10000029, '29', NULL, NULL, NULL, 111, 104, 'A', 5000789, '2011-09-27', 1, '2011-09-27', NULL, 'ΚΥΚΛΑΔΩΝ'),
	(10000030, '30', NULL, NULL, NULL, 111, 104, 'A', 5000789, '2011-09-27', 1, '2011-09-27', NULL, 'ΛΑΚΩΝΙΑΣ'),
	(10000031, '31', NULL, NULL, NULL, 111, 104, 'A', 5000789, '2011-09-27', 1, '2011-09-27', NULL, 'ΛΑΡΙΣΑΣ'),
	(10000032, '32', NULL, NULL, NULL, 111, 104, 'A', 5000789, '2011-09-27', 1, '2011-09-27', NULL, 'ΛΑΣΙΘΙΟΥ'),
	(10000033, '33', NULL, NULL, NULL, 111, 104, 'A', 5000789, '2011-09-27', 1, '2011-09-27', NULL, 'ΛΕΣΒΟΥ'),
	(10000034, '34', NULL, NULL, NULL, 111, 104, 'A', 5000789, '2011-09-27', 1, '2011-09-27', NULL, 'ΛΕΥΚΑΔΑΣ'),
	(10000035, '35', NULL, NULL, NULL, 111, 104, 'A', 5000789, '2011-09-27', 1, '2011-09-27', NULL, 'ΜΑΓΝΗΣΙΑΣ'),
	(10000036, '36', NULL, NULL, NULL, 111, 104, 'A', 5000789, '2011-09-27', 1, '2011-09-27', NULL, 'ΜΕΣΣΗΝΙΑΣ'),
	(10000037, '37', NULL, NULL, NULL, 111, 104, 'A', 5000789, '2011-09-27', 1, '2011-09-27', NULL, 'ΞΑΝΘΗΣ'),
	(10000038, '38', NULL, NULL, NULL, 111, 104, 'A', 5000789, '2011-09-27', 1, '2011-09-27', NULL, 'ΠΕΛΛΗΣ'),
	(10000039, '39', NULL, NULL, NULL, 111, 104, 'A', 5000789, '2011-09-27', 1, '2011-09-27', NULL, 'ΠΙΕΡΙΑΣ'),
	(10000040, '40', NULL, NULL, NULL, 111, 104, 'A', 5000789, '2011-09-27', 1, '2011-09-27', NULL, 'ΠΡΕΒΕΖΑΣ'),
	(10000041, '41', NULL, NULL, NULL, 111, 104, 'A', 5000789, '2011-09-27', 1, '2011-09-27', NULL, 'ΡΕΘΥΜΝΗΣ'),
	(10000042, '42', NULL, NULL, NULL, 111, 104, 'A', 5000789, '2011-09-27', 1, '2011-09-27', NULL, 'ΡΟΔΟΠΗΣ'),
	(10000043, '43', NULL, NULL, NULL, 111, 104, 'A', 5000789, '2011-09-27', 1, '2011-09-27', NULL, 'ΣΑΜΟΥ'),
	(10000044, '44', NULL, NULL, NULL, 111, 104, 'A', 5000789, '2011-09-27', 1, '2011-09-27', NULL, 'ΣΕΡΡΩΝ'),
	(10000045, '45', NULL, NULL, NULL, 111, 104, 'A', 5000789, '2011-09-27', 1, '2011-09-27', NULL, 'ΤΡΙΚΑΛΩΝ'),
	(10000046, '46', NULL, NULL, NULL, 111, 104, 'A', 5000789, '2011-09-27', 1, '2011-09-27', NULL, 'ΦΘΙΩΤΙΔΑΣ'),
	(10000047, '47', NULL, NULL, NULL, 111, 104, 'A', 5000789, '2011-09-27', 1, '2011-09-27', NULL, 'ΦΛΩΡΙΝΑΣ'),
	(10000048, '48', NULL, NULL, NULL, 111, 104, 'A', 5000789, '2011-09-27', 1, '2011-09-27', NULL, 'ΦΩΚΙΔΑΣ'),
	(10000049, '49', NULL, NULL, NULL, 111, 104, 'A', 5000789, '2011-09-27', 1, '2011-09-27', NULL, 'ΧΑΛΚΙΔΙΚΗΣ'),
	(10000050, '50', NULL, NULL, NULL, 111, 104, 'A', 5000789, '2011-09-27', 1, '2011-09-27', NULL, 'ΧΑΝΙΩΝ'),
	(10000051, '51', NULL, NULL, NULL, 111, 104, 'A', 5000789, '2011-09-27', 1, '2011-09-27', NULL, 'ΧΙΟΥ'),
	(10000052, '1', '400000', '650065', NULL, 71, 14, 'I', 5000789, '2011-09-27', 1, '2011-09-27', '2011-05-16', '重庆'),
	(10000053, '2', '150000', '166500', NULL, 71, 14, 'I', 5000789, '2011-09-27', 1, '2011-09-27', '2011-05-16', '黑龙江'),
	(10000054, '3', '550000', '565606', NULL, 71, 14, 'I', 5000789, '2011-09-27', 1, '2011-09-27', '2011-05-16', '贵州'),
	(10000055, '4', '340022', '448336', NULL, 71, 14, 'I', 5000789, '2011-09-27', 1, '2011-09-27', '2011-05-16', '湖北'),
	(10000056, '5', '130000', '138000', NULL, 71, 14, 'I', 5000789, '2011-09-27', 1, '2011-09-27', '2011-05-16', '吉林'),
	(10000057, '6', '202450', '325809', NULL, 71, 14, 'I', 5000789, '2011-09-27', 1, '2011-09-27', '2011-05-16', '浙江'),
	(10000058, '7', '0', '366316', NULL, 71, 14, 'I', 5000789, '2011-09-27', 1, '2011-09-27', '2011-05-16', '福建'),
	(10000059, '8', '725214', '748508', NULL, 71, 14, 'I', 5000789, '2011-09-27', 1, '2011-09-27', '2011-05-16', '甘肃'),
	(10000060, '9', '100000', '102611', NULL, 71, 14, 'I', 5000789, '2011-09-27', 1, '2011-09-27', '2011-05-16', '北京'),
	(10000061, '10', '450000', '763342', NULL, 71, 14, 'I', 5000789, '2011-09-27', 1, '2011-09-27', '2011-05-16', '河南'),
	(10000062, '11', '510000', '529900', NULL, 71, 14, 'I', 5000789, '2011-09-27', 1, '2011-09-27', '2011-05-16', '广东'),
	(10000063, '12', '6245', '253814', NULL, 71, 14, 'I', 5000789, '2011-09-27', 1, '2011-09-27', '2011-05-16', '河北'),
	(10000064, '13', '200018', '255508', NULL, 71, 14, 'I', 5000789, '2011-09-27', 1, '2011-09-27', '2011-05-16', '江苏'),
	(10000065, '14', '624700', '817201', NULL, 71, 14, 'I', 5000789, '2011-09-27', 1, '2011-09-27', '2011-05-16', '青海'),
	(10000066, '15', '300000', '301915', NULL, 71, 14, 'I', 5000789, '2011-09-27', 1, '2011-09-27', '2011-05-16', '天津'),
	(10000067, '16', NULL, NULL, NULL, 71, 14, 'I', 5000789, '2011-09-27', 1, '2011-09-27', '2011-05-16', '香港'),
	(10000068, '17', '330000', '344918', NULL, 71, 14, 'I', 5000789, '2011-09-27', 1, '2011-09-27', '2011-05-16', '江西'),
	(10000069, '18', '30000', '48400', NULL, 71, 14, 'I', 5000789, '2011-09-27', 1, '2011-09-27', '2011-05-16', '山西'),
	(10000070, '19', '174012', '277739', NULL, 71, 14, 'I', 5000789, '2011-09-27', 1, '2011-09-27', '2011-05-16', '山东'),
	(10000071, '20', '750000', '775150', NULL, 71, 14, 'I', 5000789, '2011-09-27', 1, '2011-09-27', '2011-05-16', '宁夏'),
	(10000072, '21', '610000', '646600', NULL, 71, 14, 'I', 5000789, '2011-09-27', 1, '2011-09-27', '2011-05-16', '四川'),
	(10000073, '22', '570000', '578000', NULL, 71, 14, 'I', 5000789, '2011-09-27', 1, '2011-09-27', '2011-05-16', '海南'),
	(10000074, '23', '700086', '825401', NULL, 71, 14, 'I', 5000789, '2011-09-27', 1, '2011-09-27', '2011-05-16', '陕西'),
	(10000075, '24', '830000', '848504', NULL, 71, 14, 'I', 5000789, '2011-09-27', 1, '2011-09-27', '2011-05-16', '新疆'),
	(10000076, '25', '230000', '247282', NULL, 71, 14, 'I', 5000789, '2011-09-27', 1, '2011-09-27', '2011-05-16', '安徽'),
	(10000077, '26', '530000', '547614', NULL, 71, 14, 'I', 5000789, '2011-09-27', 1, '2011-09-27', '2011-05-16', '广西'),
	(10000078, '27', '10000', '750355', NULL, 71, 14, 'I', 5000789, '2011-09-27', 1, '2011-09-27', '2011-05-16', '内蒙古'),
	(10000079, '28', '410000', '622602', NULL, 71, 14, 'I', 5000789, '2011-09-27', 1, '2011-09-27', '2011-05-16', '湖南'),
	(10000080, '29', '110000', '312303', NULL, 71, 14, 'I', 5000789, '2011-09-27', 1, '2011-09-27', '2011-05-16', '辽宁'),
	(10000081, '30', '850000', '860800', NULL, 71, 14, 'I', 5000789, '2011-09-27', 1, '2011-09-27', '2011-05-16', '西藏'),
	(10000082, '31', '940', '210201', NULL, 71, 14, 'I', 5000789, '2011-09-27', 1, '2011-09-27', '2011-05-16', '上海'),
	(10000083, '32', NULL, NULL, NULL, 71, 14, 'I', 5000789, '2011-09-27', 1, '2011-09-27', '2011-05-16', '澳門'),
	(10000084, '33', '650000', '679315', NULL, 71, 14, 'I', 5000789, '2011-09-27', 1, '2011-09-27', '2011-05-16', '云南'),
	(10000092, '1', NULL, NULL, NULL, 71, 14, 'A', 5000789, '2011-09-27', 1, '2011-09-27', NULL, '香港'),
	(10000093, '2', NULL, NULL, NULL, 71, 14, 'A', 5000789, '2011-09-27', 1, '2011-09-27', NULL, '江苏'),
	(10000094, '3', NULL, NULL, NULL, 71, 14, 'A', 5000789, '2011-09-27', 1, '2011-09-27', NULL, '山西'),
	(10000095, '4', NULL, NULL, NULL, 71, 14, 'A', 5000789, '2011-09-27', 1, '2011-09-27', NULL, '北京'),
	(10000096, '5', NULL, NULL, NULL, 71, 14, 'A', 5000789, '2011-09-27', 1, '2011-09-27', NULL, '重庆'),
	(10000097, '6', NULL, NULL, NULL, 71, 14, 'A', 5000789, '2011-09-27', 1, '2011-09-27', NULL, '福建'),
	(10000098, '7', NULL, NULL, NULL, 71, 14, 'A', 5000789, '2011-09-27', 1, '2011-09-27', NULL, '湖北'),
	(10000099, '8', NULL, NULL, NULL, 71, 14, 'A', 5000789, '2011-09-27', 1, '2011-09-27', NULL, '澳門'),
	(10000100, '9', NULL, NULL, NULL, 71, 14, 'A', 5000789, '2011-09-27', 1, '2011-09-27', NULL, '河北'),
	(10000101, '10', NULL, NULL, NULL, 71, 14, 'A', 5000789, '2011-09-27', 1, '2011-09-27', NULL, '黑龙江'),
	(10000102, '11', NULL, NULL, NULL, 71, 14, 'A', 5000789, '2011-09-27', 1, '2011-09-27', NULL, '陕西'),
	(10000103, '12', NULL, NULL, NULL, 71, 14, 'A', 5000789, '2011-09-27', 1, '2011-09-27', NULL, '上海'),
	(10000104, '13', NULL, NULL, NULL, 71, 14, 'A', 5000789, '2011-09-27', 1, '2011-09-27', NULL, '西藏'),
	(10000105, '14', NULL, NULL, NULL, 71, 14, 'A', 5000789, '2011-09-27', 1, '2011-09-27', NULL, '广西'),
	(10000106, '15', NULL, NULL, NULL, 71, 14, 'A', 5000789, '2011-09-27', 1, '2011-09-27', NULL, '贵州'),
	(10000107, '16', NULL, NULL, NULL, 71, 14, 'A', 5000789, '2011-09-27', 1, '2011-09-27', NULL, '青海'),
	(10000108, '17', NULL, NULL, NULL, 71, 14, 'A', 5000789, '2011-09-27', 1, '2011-09-27', NULL, '山东'),
	(10000109, '18', NULL, NULL, NULL, 71, 14, 'A', 5000789, '2011-09-27', 1, '2011-09-27', NULL, '新疆'),
	(10000110, '19', NULL, NULL, NULL, 71, 14, 'A', 5000789, '2011-09-27', 1, '2011-09-27', NULL, '甘肃'),
	(10000111, '20', NULL, NULL, NULL, 71, 14, 'A', 5000789, '2011-09-27', 1, '2011-09-27', NULL, '广东'),
	(10000112, '21', NULL, NULL, NULL, 71, 14, 'A', 5000789, '2011-09-27', 1, '2011-09-27', NULL, '内蒙古'),
	(10000113, '22', NULL, NULL, NULL, 71, 14, 'A', 5000789, '2011-09-27', 1, '2011-09-27', NULL, '江西'),
	(10000114, '23', NULL, NULL, NULL, 71, 14, 'A', 5000789, '2011-09-27', 1, '2011-09-27', NULL, '辽宁'),
	(10000115, '24', NULL, NULL, NULL, 71, 14, 'A', 5000789, '2011-09-27', 1, '2011-09-27', NULL, '宁夏'),
	(10000116, '25', NULL, NULL, NULL, 71, 14, 'A', 5000789, '2011-09-27', 1, '2011-09-27', NULL, '天津'),
	(10000117, '26', NULL, NULL, NULL, 71, 14, 'A', 5000789, '2011-09-27', 1, '2011-09-27', NULL, '吉林'),
	(10000118, '27', NULL, NULL, NULL, 71, 14, 'A', 5000789, '2011-09-27', 1, '2011-09-27', NULL, '四川'),
	(10000119, '28', NULL, NULL, NULL, 71, 14, 'A', 5000789, '2011-09-27', 1, '2011-09-27', NULL, '安徽'),
	(10000120, '29', NULL, NULL, NULL, 71, 14, 'A', 5000789, '2011-09-27', 1, '2011-09-27', NULL, '河南'),
	(10000121, '30', NULL, NULL, NULL, 71, 14, 'A', 5000789, '2011-09-27', 1, '2011-09-27', NULL, '云南'),
	(10000122, '31', NULL, NULL, NULL, 71, 14, 'A', 5000789, '2011-09-27', 1, '2011-09-27', NULL, '海南'),
	(10000123, '32', NULL, NULL, NULL, 71, 14, 'A', 5000789, '2011-09-27', 1, '2011-09-27', NULL, '湖南'),
	(10000124, '33', NULL, NULL, NULL, 71, 14, 'A', 5000789, '2011-09-27', 1, '2011-09-27', NULL, '浙江');
/*!40000 ALTER TABLE `CMP_PROVINCIAS` ENABLE KEYS */;

-- Volcando estructura para tabla prueba_evolmind.tblcategorias
CREATE TABLE IF NOT EXISTS `tblcategorias` (
  `idCategoria` int(11) unsigned NOT NULL AUTO_INCREMENT,
  `sNombre` varchar(250) COLLATE utf8mb4_unicode_ci NOT NULL,
  `iOrden` tinyint(4) unsigned NOT NULL,
  PRIMARY KEY (`idCategoria`)
) ENGINE=InnoDB AUTO_INCREMENT=4 DEFAULT CHARSET=utf8mb4 COLLATE=utf8mb4_unicode_ci;

-- Volcando datos para la tabla prueba_evolmind.tblcategorias: ~3 rows (aproximadamente)
/*!40000 ALTER TABLE `tblcategorias` DISABLE KEYS */;
INSERT INTO `tblcategorias` (`idCategoria`, `sNombre`, `iOrden`) VALUES
	(1, 'Título de la categoría 2', 2),
	(2, 'Título de la categoría 1', 1),
	(3, 'Título de la categoría 3', 3);
/*!40000 ALTER TABLE `tblcategorias` ENABLE KEYS */;

-- Volcando estructura para tabla prueba_evolmind.tblcupon
CREATE TABLE IF NOT EXISTS `tblcupon` (
  `idCupon` int(11) NOT NULL,
  `sNombre` varchar(150) COLLATE utf8mb4_unicode_ci NOT NULL,
  `sTelefono` varchar(150) COLLATE utf8mb4_unicode_ci NOT NULL,
  `sEmail` varchar(200) COLLATE utf8mb4_unicode_ci NOT NULL,
  `PAIS_ID` varchar(200) COLLATE utf8mb4_unicode_ci NOT NULL,
  `PROVINCIA_ID` varchar(200) COLLATE utf8mb4_unicode_ci NOT NULL,
  `sCodigoPostal` varchar(20) COLLATE utf8mb4_unicode_ci NOT NULL,
  PRIMARY KEY (`idCupon`)
) ENGINE=InnoDB DEFAULT CHARSET=utf8mb4 COLLATE=utf8mb4_unicode_ci;

-- Volcando datos para la tabla prueba_evolmind.tblcupon: ~0 rows (aproximadamente)
/*!40000 ALTER TABLE `tblcupon` DISABLE KEYS */;
/*!40000 ALTER TABLE `tblcupon` ENABLE KEYS */;

-- Volcando estructura para tabla prueba_evolmind.tbllistado
CREATE TABLE IF NOT EXISTS `tbllistado` (
  `idListado` int(11) unsigned NOT NULL AUTO_INCREMENT,
  `idCategoria` int(11) unsigned NOT NULL,
  `sNombre` varchar(250) COLLATE utf8mb4_unicode_ci NOT NULL,
  `sTipoCard` varchar(10) COLLATE utf8mb4_unicode_ci NOT NULL DEFAULT 'card-a',
  `sRutaImg` varchar(250) COLLATE utf8mb4_unicode_ci NOT NULL DEFAULT '/img/img.jpeg',
  `bNueva` tinyint(1) NOT NULL DEFAULT '0',
  `iOrden` tinyint(4) NOT NULL,
  PRIMARY KEY (`idListado`)
) ENGINE=InnoDB AUTO_INCREMENT=100 DEFAULT CHARSET=utf8mb4 COLLATE=utf8mb4_unicode_ci;

-- Volcando datos para la tabla prueba_evolmind.tbllistado: ~99 rows (aproximadamente)
/*!40000 ALTER TABLE `tbllistado` DISABLE KEYS */;
INSERT INTO `tbllistado` (`idListado`, `idCategoria`, `sNombre`, `sTipoCard`, `sRutaImg`, `bNueva`, `iOrden`) VALUES
	(1, 3, 'Lorem ipsum dolor sit amet, consectetur adipiscing elit.', 'card-b', '/img/img.jpeg', 1, 1),
	(2, 2, 'Maecenas eget purus suscipit, iaculis odio non, semper quam.', 'card-b', '/img/img.jpeg', 0, 1),
	(3, 3, 'Quisque porttitor justo sed libero dictum, eu euismod diam vulputate.', 'card-c', '/img/img.jpeg', 0, 2),
	(4, 1, 'Etiam porta ipsum a lectus viverra ornare.', 'card-b', '/img/img.jpeg', 1, 1),
	(5, 3, 'Sed a odio vel diam mattis mollis non quis dolor.', 'card-a', '/img/img.jpeg', 0, 3),
	(6, 2, 'Vivamus ut enim eget nibh auctor sagittis.', 'card-a', '/img/img.jpeg', 1, 2),
	(7, 2, 'Nullam imperdiet risus finibus sapien tincidunt dapibus.', 'card-a', '/img/img.jpeg', 0, 3),
	(8, 2, 'Cras ac dui commodo, tincidunt lorem vel, pellentesque tellus.', 'card-a', '/img/img.jpeg', 0, 4),
	(9, 3, 'Maecenas at nisi consectetur sem ultricies imperdiet in sed risus.', 'card-c', '/img/img.jpeg', 1, 4),
	(10, 1, 'Sed ac ante imperdiet dui porta luctus.', 'card-a', '/img/img.jpeg', 0, 2),
	(11, 3, 'Nunc auctor quam vel velit fermentum, sed fringilla tellus condimentum.', 'card-c', '/img/img.jpeg', 0, 5),
	(12, 2, 'Fusce pretium turpis eu velit luctus, nec egestas nibh euismod.', 'card-a', '/img/img.jpeg', 0, 5),
	(13, 3, 'Donec sodales lorem id odio pellentesque, vel eleifend erat faucibus.', 'card-a', '/img/img.jpeg', 0, 6),
	(14, 1, 'Fusce rhoncus felis feugiat, dignissim risus sit amet, convallis augue.', 'card-a', '/img/img.jpeg', 1, 3),
	(15, 3, 'Donec sit amet diam rutrum, elementum dui et, hendrerit felis.', 'card-a', '/img/img.jpeg', 1, 7),
	(16, 1, 'In ut sem vel neque ornare mattis.', 'card-c', '/img/img.jpeg', 0, 4),
	(17, 3, 'Proin aliquam dolor id ante efficitur, id scelerisque purus auctor.', 'card-a', '/img/img.jpeg', 0, 8),
	(18, 3, 'Quisque maximus purus tempor magna aliquet suscipit.', 'card-c', '/img/img.jpeg', 0, 9),
	(19, 3, 'Donec semper purus sed eros efficitur, eu mollis nulla vehicula.', 'card-b', '/img/img.jpeg', 0, 10),
	(20, 2, 'Nam vitae felis sit amet metus ullamcorper auctor at et magna.', 'card-c', '/img/img.jpeg', 0, 6),
	(21, 1, 'Praesent id neque id quam porta pharetra.', 'card-b', '/img/img.jpeg', 0, 5),
	(22, 1, 'Mauris quis nunc nec neque dictum dictum.', 'card-a', '/img/img.jpeg', 0, 6),
	(23, 3, 'Aliquam sit amet magna et neque ultrices accumsan vitae vel mi.', 'card-c', '/img/img.jpeg', 0, 11),
	(24, 1, 'Sed congue nisl vel ligula commodo mattis.', 'card-a', '/img/img.jpeg', 1, 7),
	(25, 3, 'Maecenas at arcu sed elit commodo fringilla.', 'card-a', '/img/img.jpeg', 1, 12),
	(26, 3, 'Vestibulum consequat enim nec orci ornare maximus.', 'card-a', '/img/img.jpeg', 1, 13),
	(27, 3, 'Cras ac lacus sed sapien tristique tempus eget nec tortor.', 'card-a', '/img/img.jpeg', 0, 14),
	(28, 3, 'Etiam placerat mauris non libero volutpat, ac feugiat diam consectetur.', 'card-c', '/img/img.jpeg', 1, 15),
	(29, 2, 'Praesent rutrum lacus non arcu tincidunt, in dignissim ligula porttitor.', 'card-c', '/img/img.jpeg', 0, 7),
	(30, 2, 'Sed dapibus tellus vitae tellus gravida luctus.', 'card-a', '/img/img.jpeg', 0, 8),
	(31, 3, 'Etiam ullamcorper dui vitae erat mattis placerat.', 'card-b', '/img/img.jpeg', 1, 16),
	(32, 1, 'Morbi faucibus justo sed justo egestas tincidunt.', 'card-c', '/img/img.jpeg', 1, 8),
	(33, 2, 'Aliquam volutpat ante eu justo egestas placerat at a justo.', 'card-b', '/img/img.jpeg', 1, 9),
	(34, 3, 'Integer eget lacus dapibus, venenatis enim id, vestibulum purus.', 'card-c', '/img/img.jpeg', 0, 17),
	(35, 2, 'Duis at enim id leo gravida efficitur eget ac eros.', 'card-c', '/img/img.jpeg', 0, 10),
	(36, 2, 'Duis venenatis tellus quis est gravida, et faucibus velit accumsan.', 'card-b', '/img/img.jpeg', 0, 11),
	(37, 2, 'Nullam ut risus ut neque imperdiet convallis tempor eget leo.', 'card-a', '/img/img.jpeg', 0, 12),
	(38, 2, 'Phasellus et odio in enim commodo laoreet.', 'card-a', '/img/img.jpeg', 0, 13),
	(39, 2, 'Nam in nunc sed purus elementum egestas sed dignissim erat.', 'card-b', '/img/img.jpeg', 0, 14),
	(40, 3, 'Integer pretium tortor a leo aliquam scelerisque.', 'card-a', '/img/img.jpeg', 0, 18),
	(41, 1, 'Donec tristique enim at porttitor rhoncus.', 'card-c', '/img/img.jpeg', 1, 9),
	(42, 3, 'Nulla molestie neque sit amet tristique commodo.', 'card-c', '/img/img.jpeg', 0, 19),
	(43, 3, 'Aenean quis ante vitae metus sollicitudin sodales vel in tellus.', 'card-b', '/img/img.jpeg', 0, 20),
	(44, 2, 'Integer at libero et arcu dictum mollis.', 'card-a', '/img/img.jpeg', 0, 15),
	(45, 2, 'Nullam accumsan felis tempus purus vehicula fermentum.', 'card-c', '/img/img.jpeg', 1, 16),
	(46, 3, 'Praesent vel massa rhoncus, feugiat eros in, scelerisque lectus.', 'card-b', '/img/img.jpeg', 0, 21),
	(47, 1, 'Ut posuere nisl in tellus blandit, at dictum diam suscipit.', 'card-c', '/img/img.jpeg', 0, 10),
	(48, 3, 'Praesent ac massa sed justo porttitor consectetur ut vitae ipsum.', 'card-b', '/img/img.jpeg', 0, 22),
	(49, 3, 'Sed nec sem congue, tincidunt elit at, cursus dolor.', 'card-a', '/img/img.jpeg', 0, 23),
	(50, 3, 'Nullam molestie velit eget erat dignissim auctor.', 'card-c', '/img/img.jpeg', 1, 24),
	(51, 1, 'Curabitur vestibulum libero efficitur urna dictum, ut pellentesque felis pulvinar.', 'card-a', '/img/img.jpeg', 0, 11),
	(52, 1, 'Etiam lacinia turpis egestas elit bibendum fringilla.', 'card-c', '/img/img.jpeg', 0, 12),
	(53, 2, 'Quisque vel justo feugiat, fermentum diam non, egestas libero.', 'card-b', '/img/img.jpeg', 0, 17),
	(54, 3, 'Proin ac tortor id magna semper tempor.', 'card-a', '/img/img.jpeg', 0, 25),
	(55, 3, 'Praesent ut est a enim suscipit fermentum.', 'card-c', '/img/img.jpeg', 0, 26),
	(56, 2, 'Nunc at ante vitae tellus fermentum feugiat vitae sit amet justo.', 'card-b', '/img/img.jpeg', 1, 18),
	(57, 3, 'Ut semper nibh lacinia erat suscipit scelerisque.', 'card-c', '/img/img.jpeg', 1, 27),
	(58, 3, 'Cras facilisis dolor id eros ornare egestas.', 'card-b', '/img/img.jpeg', 0, 28),
	(59, 1, 'Vivamus sit amet eros hendrerit, tristique neque ac, cursus est.', 'card-b', '/img/img.jpeg', 0, 13),
	(60, 3, 'Etiam et turpis ut ipsum iaculis auctor vitae eget tortor.', 'card-b', '/img/img.jpeg', 0, 29),
	(61, 2, 'Suspendisse a justo rhoncus, porta ligula mattis, eleifend lectus.', 'card-c', '/img/img.jpeg', 0, 19),
	(62, 1, 'Proin tempor magna id dolor dignissim, quis ultrices magna semper.', 'card-c', '/img/img.jpeg', 0, 14),
	(63, 3, 'In et elit tempus, maximus augue molestie, bibendum leo.', 'card-b', '/img/img.jpeg', 1, 30),
	(64, 3, 'Phasellus tristique ligula quis mattis iaculis.', 'card-a', '/img/img.jpeg', 1, 31),
	(65, 1, 'Duis facilisis justo faucibus nisi iaculis interdum.', 'card-a', '/img/img.jpeg', 1, 15),
	(66, 2, 'Quisque egestas tortor sit amet justo ultricies dapibus.', 'card-c', '/img/img.jpeg', 0, 20),
	(67, 1, 'Nullam vel purus vel risus interdum auctor.', 'card-b', '/img/img.jpeg', 0, 16),
	(68, 1, 'Aenean volutpat odio eget vestibulum aliquet.', 'card-a', '/img/img.jpeg', 1, 17),
	(69, 2, 'Aenean vitae est dignissim, aliquet diam sed, vehicula sem.', 'card-b', '/img/img.jpeg', 0, 21),
	(70, 3, 'Donec vel lacus vel odio pharetra mattis in non tortor.', 'card-a', '/img/img.jpeg', 1, 32),
	(71, 1, 'Mauris tincidunt ante a justo viverra tristique.', 'card-b', '/img/img.jpeg', 1, 18),
	(72, 2, 'Sed sodales urna at justo pretium, id lobortis felis placerat.', 'card-b', '/img/img.jpeg', 0, 22),
	(73, 3, 'Curabitur ornare augue in purus hendrerit volutpat.', 'card-b', '/img/img.jpeg', 0, 33),
	(74, 2, 'Nulla blandit leo a mi pretium lacinia.', 'card-a', '/img/img.jpeg', 0, 23),
	(75, 2, 'Donec id augue vitae velit cursus molestie et sodales massa.', 'card-a', '/img/img.jpeg', 0, 24),
	(76, 1, 'Fusce non quam gravida, dictum quam tristique, euismod quam.', 'card-b', '/img/img.jpeg', 0, 19),
	(77, 3, 'Quisque a orci sagittis, pharetra enim in, maximus odio.', 'card-c', '/img/img.jpeg', 1, 34),
	(78, 3, 'Maecenas sit amet quam vel tortor convallis feugiat.', 'card-c', '/img/img.jpeg', 0, 35),
	(79, 3, 'Vivamus vitae justo in odio posuere facilisis id vitae lacus.', 'card-a', '/img/img.jpeg', 0, 36),
	(80, 2, 'Sed sit amet felis non purus pulvinar porta quis id libero.', 'card-a', '/img/img.jpeg', 0, 25),
	(81, 1, 'Sed sed sem eget ligula semper imperdiet.', 'card-b', '/img/img.jpeg', 0, 20),
	(82, 1, 'Mauris dignissim risus sed tortor tincidunt pulvinar.', 'card-a', '/img/img.jpeg', 1, 21),
	(83, 2, 'Praesent congue mi et diam venenatis, molestie ultricies augue dictum.', 'card-c', '/img/img.jpeg', 0, 26),
	(84, 3, 'Morbi dignissim dolor hendrerit, sollicitudin ligula semper, aliquet purus.', 'card-b', '/img/img.jpeg', 0, 37),
	(85, 3, 'Suspendisse vel arcu ac nibh tempus porta sit amet a risus.', 'card-a', '/img/img.jpeg', 0, 38),
	(86, 2, 'Morbi pulvinar arcu congue sollicitudin volutpat.', 'card-a', '/img/img.jpeg', 0, 27),
	(87, 3, 'Duis mattis orci sollicitudin, aliquam nisi eget, vulputate magna.', 'card-c', '/img/img.jpeg', 1, 39),
	(88, 2, 'Cras vestibulum mi id erat ultricies, quis luctus nibh varius.', 'card-c', '/img/img.jpeg', 1, 28),
	(89, 2, 'Phasellus eleifend tellus ut orci pellentesque faucibus.', 'card-c', '/img/img.jpeg', 0, 29),
	(90, 1, 'Etiam aliquam mi fermentum semper consequat.', 'card-a', '/img/img.jpeg', 0, 22),
	(91, 2, 'Pellentesque sit amet diam vehicula, fermentum nisi efficitur, suscipit felis.', 'card-b', '/img/img.jpeg', 1, 30),
	(92, 2, 'Nulla fringilla enim non urna rhoncus accumsan.', 'card-b', '/img/img.jpeg', 1, 31),
	(93, 1, 'Vivamus pulvinar mauris ut lectus pretium molestie.', 'card-a', '/img/img.jpeg', 0, 23),
	(94, 2, 'Vivamus interdum risus eget aliquet ultricies.', 'card-c', '/img/img.jpeg', 0, 32),
	(95, 2, 'Etiam at felis scelerisque, ullamcorper magna sed, dignissim nulla.', 'card-c', '/img/img.jpeg', 0, 33),
	(96, 1, 'Cras lobortis risus eu augue aliquam vehicula.', 'card-b', '/img/img.jpeg', 0, 24),
	(97, 1, 'Phasellus vitae justo nec dui ullamcorper ultricies vitae quis enim.', 'card-a', '/img/img.jpeg', 0, 25),
	(98, 1, 'Quisque accumsan ligula quis justo tincidunt tempor.', 'card-c', '/img/img.jpeg', 0, 26),
	(99, 1, 'Aenean a lacus nec augue porttitor sagittis non eu metus.', 'card-b', '/img/img.jpeg', 0, 27);
/*!40000 ALTER TABLE `tbllistado` ENABLE KEYS */;

/*!40101 SET SQL_MODE=IFNULL(@OLD_SQL_MODE, '') */;
/*!40014 SET FOREIGN_KEY_CHECKS=IF(@OLD_FOREIGN_KEY_CHECKS IS NULL, 1, @OLD_FOREIGN_KEY_CHECKS) */;
/*!40101 SET CHARACTER_SET_CLIENT=@OLD_CHARACTER_SET_CLIENT */;
